番号,判定,総プレイ時間(時間),レビュー本文
1,おすすめ,51,面白い
2,おすすめ,33,"ゲームクリアまでプレイ。
HD-2Dの出来があまりにもひどくてセール待ちしていたが、今作はかなり良かった。
オリジナル版よりかなり要素が削られているが、クリアまで３０時間くらいかかった。
過去作でクリアまでプレイできなかった人でもクリア可能な良調整になっており、過去作未プレイの人にも十分おすすめできる内容だと思った。
スマホ版の値段を考えると追加分でそこまでの価値があるかは微妙なところ。"
3,おすすめ,53,"ドールルックの新グラフィックが7の雰囲気と合いすぎている
職業掛け持ちシステムのおかげでメインロールを維持したまま熟練度稼ぎが可能
マリベル長期離脱の廃止

神すぎるリメイクです
プロビナだけは残して欲しかったかな"
4,おすすめ,65,"ドラクエ7初プレイだったのですがすごく楽しめました。
ですがキーファとか言う一時の性欲に負けて謎に自分のやることを正当化して仲間を捨てるNTR野郎だけは好きになれませんでした。
グラフィックもテンポもよかったと思いますが全体的にストーリーが暗いし胸糞悪い話が多いのはちょっときつかったです。
一つだけガチ不満をあげるとするならばハーブ園の物語が胸糞悪いし主軸の物語に関係ないしでガチでいらないとおもいました。その話を進めてるときにきつすぎてキーファの時よりもドラクエ７を投げだそうかと悩みました。"
5,おすすめ,44,"ドラクエの日セールで購入しました。
スマホ版で７を遊んだ以来なのでストーリーをところどころ忘れていたけど、大きな改変もなく感動するストーリーも追加されていて非常に楽しめました。
裏ダンジョン、裏ボスまでやって５０時間ぐらいなので割とサクサク進むと思いました。

マイナスな点をあげるとすれば、
原作にあった移民の町やその他の街がなくなっている。
職業をマスターしても呪文特技が引き継がれないから、たくさんの職に転職するメリットが少ない。
（メインと掛け持ちだけマスターすれば他の職をやらなくてもよかった）
職業熟練度の制約がないから雑魚モンスターを狩っていればすぐにマスターしてしまう
（難易度設定で、熟練度のもらえる数を変更可能）

上記２つとも、原作よりもサクサク進められるような変更なのですごくやりやすくなっていると思います。
セールで買うなら損はないと思いました！"
6,おすすめ,28,"まだ途中ですが文句無しに面白い
当時もドラクエ7やりましたがここ微妙だなと思ってた部分が
見事に削ぎ落とされててとても良き
今作はここ最近でやったRPGの中で一番好きかも
そのぐらいカチっとハマりました

大事なこと書くの忘れてたので追記：マリベルの走り方がかわいい"
7,おすすめ,45,omoroi
8,おすすめ,27,"６７.５時間プレイし全実績解除したので感想を書きます。
まずこのゲームは良作です、いいリメイク作品だと思いました。
個人的にいいなと思ったのは装備が豊富で戦略性が高いところとグラフィックですね
その他原作になかった新要素は結構良かったです。
ただやってて少し残念に感じたのはストーリーのテンポが良すぎた余り、
原作ほどひとつひとつの話への没入感は減ったなと思いました。
まとめると、全体的に面白い作品でした！楽しかったです！ありがとうございました！
あ、ただラッキーパネル限定装備、あれだけは許せません、、ｗ
綺麗なグラフィックで迫力のある冒険をしたい、そんな方には是非ともおすすめです！"
9,おすすめ,71,"3DS版リメイクをやっていた当時の俺はガキで...何一つ知らなかったんだよ
こんなにもマリベルがかわいいって気付いていれば...
俺は...こんな半端なクソ野郎にならずにすんだのに..."
10,おすすめ,41,ドラクエでしか得られない要素がある
11,おすすめしない,21,"たしかにフィギュア調のグラフィックは素晴らしいです。ドラクエの世界観にはまっています。今後のグラフィックの方個性はこれで良いのではと思うぐらい素晴らしいです。
ただし、最近のゲーム業界の慣例にあわせ、細かな難易度調整は不要だったと思われます。
面倒なので「簡単」にしたら、戦闘はただボタンを押すだけの作業と化し、移動→イベント、移動→イベントの繰り返しになり、まるで、つまらないアドベンチャーゲームのようになってしまいました。
ここまで簡単にするとロールプレイングではなくなってしまっています。

あの、戦闘をちまちま繰り返し、少しづつ強くなっていくのがドラクエの本質であり楽しさだったんだと思うようになりました。

迎合するあまり難易度調整をミスったとしか思えません。

あと、基本的に暗い話ばかりでイベントクリア後に爽快感がありません。

正直、つまらなくもないですが、面白くもないです。
このシリーズが海外で受けない理由がよくわかります。"
12,おすすめ,112,"当時PS版では石板集めで挫折したままになっていたけど、今作は見つけやすくなってサクサク進められた。
背景などの世界も含めてドール表現となっており、違和感のない一体感が素晴らしい。
戦闘スピードも快適でサクサク進められるうえに、先制アタックでそのまま倒せるシステムまであるので、育成の目標にもなる。
あまり当時のストーリーは覚えていないが、こちらもテンポよくダークさも垣間見える良い調整がされていそうだった。
今後のリメイクもこのクオリティを期待したくなる良い作品でした。

ただ一つ、ラッキーパネルだけは面白味が感じられなかったので数回しか遊んでいない。
実績にラッキーパネルが絡んでいるが、これはとてもじゃないけどやる気が起きなかったのでこれで終わり。"
13,おすすめ,72,おもしよいよ
14,おすすめ,24,"こんなに難易度低いゲーム初めてです。

小学校低学年に相当。

ハナクソほじりながらでもボス戦で勝てるレベル。

ラッキーパネルだけ異常にめんどくさい。"
15,おすすめ,265,"原作の3DSやPSの方がボリュームがあって楽しめる作品


グラフィック重視の弊害
・グラフィックを大幅に強化した割に着せ替え要素がない
・カメラアングルの自由度が低い
・その魅力を十分活かせていないと感じた
特にカメラ固定なのが残念でした。
MODのダイナミックカメラを導入すると全体像が見えてかなり良くなります。
グラフィックを売りにしている作品なのに、自由なアングルでプレイできないのは非常に勿体ないと感じました。
本来は運営側が実装すべき機能だったと思います。


ボイスについて
・ボイス実装が中途半端。
・イベントシーンくらいはフルボイスにしてほしかった。
・PS2時代からフルボイスを実現していた他社作品（テイルズシリーズなど）と比べると物足りない。


会話システムについて
・仲間会話もイベント関連の内容や短い台詞が中心で量が少なすぎる。


イベント削除について
運営側は
「スムーズに進められるようストーリー外の内容を削除した」
「カジノは海外展開を考慮した」と説明しているが実際には
・コスト面の問題
・開発期間不足
・グラフィック制作への注力による調整不足
などが理由だったように見えました。
そのため、「ユーザーのため」という説明が言い訳に聞こえてならないです。

キコリ関連のサブイベントや各地の細かなエピソードなど物語の本筋に直接関係しないイベントでも、世界観への没入感を高める重要な要素で、それらが削除されたことで世界の厚みが失われているような気がしました。



不満点を整理すると、
・グラフィックを売りにしているのにカメラ固定
・ボイスが中途半端
・仲間会話の大幅な減少
・サブイベントの削除
・世界観を深める要素の不足
・不足部分をユーザー配慮として説明しているように見える点
・グラフィック優先で他要素の調整が間に合わなかったように見える


せっかく先人たちが作り上げた優れた物語や仲間会話システムがあったのに、その土台を削ってしまったような印象です。

本作を初めて遊ぶ人なら十分楽しめるかもしれませんが、過去作品をプレイしたことがある人や、本作の後に3DS版・PS版を遊ぶ人であれば、グラフィックや石版探しの利便性を除き、旧作のほうが物語への没入感やボリューム面で優れていると感じる可能性が高いと感じます。"
16,おすすめしない,129,"ラッキーパネルがクソすぎる。
原作でダーマ神殿は鬼門だったので、ラッキーパネルで装備を揃えようとしたがリセット含めて100回ぐらいやってもメタスラ装備が出ない。
メタスラ装備どころか氷の杖もやまびこの帽子も出ない。
原作と仕様変えてまでプレイヤーに強い装備渡したくないのであればこんな面白くもないミニゲーム自体削除してしまえばよかったのに。
あとUIが使い難い。見た目新しくしても使い難いんだったら古くても使い易いUIでいいんだよ。
仲間との会話に対する返答もわかり難い。
否定形の問いに対し、会話内容を更に否定するつもりで「いいえ」を選んだら、何故か相手の問いに同意した事になったりする。
「はい」「いいえ」でしか返答できないなら「はい」「いいえ」で返答しやすい内容に推敲してくれ。
そういう会話に限って一度発生したら再発生しなかったりでげんなりする。

過去それなりにヒットした作品のリメイクですらここまでイライラさせる物にしてしまうぐらいだから、もうスクエニには0から面白い物を作れる能力なんて無いんだろうな。
だから5年経っても新作は何も進まずリメイクばっか作ってる訳だ。納得。

追記
現代でのラッキーパネルが輪をかけて酷い。
次回抽選アイテムのランクを上げるメタルスライムパネルの出現率が目に見えて減らされている。
過去世界では数回に一度出現する程度だったのが、2～30回に一度まで減らされている。
これが面白いのだと思ってるなら勘違いも甚だしいし、いやがらせでやってるなら終わってる。"
17,おすすめ,55,"初めて遊ぶ方をターゲットにした良リメイク作です

新規プレイヤーがストレスを感じそうな部分に手が入って
スムーズにゲームを進められる設計になっています。
グラフィック、演出面も大幅に強化されて過去作を何度も遊んでいても新鮮な気分でプレイできました。
バトルや育成回りの変更は最近のDQ作に合わせて大味なものになっていますが
難易度を上げてプレイしたのでDQ1~3リメイクほどのバランス崩壊を感じずに楽しめました。

ドロップ率アップ装備が有用すぎて呪いの装備と化すので
モンスターの心を入れる枠が無くなるのが惜しい・・・

過去作の思い出があるプレイヤーには追加＆削除されたシナリオによって
話の流れに違和感を感じたりする部分はあります。

また、昨今のSQEX作でよくあるUEのFatalErrorが発生することがあります
私の環境では起動オプションに-d3d11を入れることで回避できました。"
18,おすすめ,49,"昔のドラクエ7はやったことがないですがとてもめんどくさかったと聞いているので今回のリメイクは不満要素がほとんど何も無く非常に快適だったので現代の価値観に合ったとても良いリメイクだと感じました
収集リストを埋めようとした時にラッキーパネルが辛いくらいでゲーム体験はとても良かったです
他の方が書いていた私たちは勇者ではなくお客様になってしまったというレビューがなかなか面白くて的を射てると思いますが少なくとも私は勇者の旅を垣間見てる見物人でしかないのでこれで良いのです"
19,おすすめ,106,"全実績解除までクリア。
まさに令和クオリティの令和仕様に生まれ変わったDQ7といった感じで全体的にかなり質が良い。
グラ良し、音楽良し、ストーリーは令和仕様に若干簡略化されつつもDQ7の独特な鬱要素も残してあってGOOD。追加テキストやストーリーも原作を無理無く補強するような感じになっておりこれも良かった。
モンスター職・カジノ・移民の町廃止も走りきって削った理由もなんとなくわかるので今となっては良し。
細かい所だけど、負けイベがわかりやすくなっていたのも結構評価高い。

ただ、３つだけ個人的に見逃せない欠点があった。
１つは大規模な既存モンスターの解雇。DQ7の独特な世界観を作ってるモンスター達がボス系統以外ほぼ全てリストラされている(デスマシーン→こうてつまじんみたいにボスがいる種族はリストラされていない)。
制作コストの問題だというのはわかるのだがDQ7出身のアイツらとはこのタイミングを逃した今、２度と会えない事がほぼ確定しておりかなり悲しい。
２つ目はラッキーパネル。トロコンしない人からしたらちょっと美味しいミニゲームなのだがラッキーパネルでしか手に入らないアイテムが割とあるせいで、演出が長い・そもそも神経衰弱としてまあまあ大変・かなり運に振り回される等とストレス要素でしかなかった。これも消しておいて欲しかった・・・。
３つ目はまあこれは微々たる欠点だが、難易度を高くしてもなおそこまで難易度は高くないという部分。
プレイヤー側が結構インフレしていてそれにモンスターの耐久が追いつけていない感があった。まあダーマ神殿システムでゲームバランス取るのってムズいよなとは思うので少し仕方ない部分かもしれない・・・とはいえそれなら裏ボスは特にしっかりしてほしかった感じはある(事故要素がステテコや吠えるぐらいしかない)。
特に修羅ボスは難易度設定が反映されないせいでかなり・・・。

色々不満は書いたけど、楽しかった部分が大きく上回るのでDQ好きなら定価でもオススメ出来るレベル。DQ触ったことない人もかなり親切なゲームなので是非この機会に遊んでみてはいかがでしょうか。"
20,おすすめ,51,モンスター職がなくなってしまったのはとても残念でした。
21,おすすめ,34,"[h1] ドラゴンクエストVII Reimagined [/h1]
[h3] PS版にあった序盤の謎解き　なし
カジノ及び移民の町　なし
モンスター職業　なし
キャラクターボイス　あり（もちろん話すコマンドを使った時皆喋ってくれる）
メダル及び石板探しにおけるヘルプ機能　あり（使うかどうかは任意でありすごく便利）
キーファにくれてやった種が帰ってこない問題への解決法　あり
（離脱の際費やした分は返してくれるようになった）
いろいろ変わった部分はあるけどそれを踏まえた上での面白さ　（あくまで個人の感想ですが）あり！
[/h3]"
22,おすすめ,129,いいです
23,おすすめ,66,"賛否両論だった当時の7
　すごく遊びやすくなった印象

〇
・難易度の変更
　1＆2.3のリメイク作の問題点の改善を感じられた。
　快適にプレイ出来た
　レベルアップでキャラクターが全回復、ボス戦の前でセーブポイント
　「ガンガンいこうぜ」でもボス前でMPが尽きる事はあまりなかった
・ルーラの仕様変更、リレミトの削除
　いつでもダンジョンから脱出出来る、遠足の帰り道の心配がない

・導線の明確化
　目的が表示された事により原作によくある石板どこだっけ…？が無くなった
　石板の場所も教えてくれるので立ち止まる事がない

・サブ職業
　職業マスターのスピードが爆速になった

・キャラクターの描写
　ドラクエの物言わぬ主人公がカッコいいと思ったのは初
　ツンツン娘のマリベルが超デレ娘になっててもうお前ら付き合っちゃえよ状態
　ガボは可愛いし、アイラはお姉さんキャラしてる
　メルビンは良き指導者で優しいお爺ちゃん
　なんというかPTが爽やかでにぎやかになっていた

×
・各種鍵＆鍵付き宝箱の存在
　メモを取っておかないと忘れるのと
　イベント散策で手に入る「あの鍵」を取り忘れたら次いつ取れるのだろうか
　正直要らない要素だと感じた

・ラッキーパネルの存在
　時間と金と運さえあればあの豪華装備がバーゲンセール状態…なのだが、
　明らかに解放直後からバランス崩壊アイテムが手に入るのはちょっと。
　あと宝箱限定装備もアイテム図鑑に入れるのは止めて欲しい
　おかげで全実績コンプの前に飽きてしまった

・各種ぶっこわれ職業
　マダンテゲー
　MPあげて、吟遊詩人で消費MP０にして最大MPをカンストさせれば
　ほとんどのボスは何もさせずに終わらせる事が出来る
　
　勇者の光（複数）
　ずっと俺のターン！

　バースト分身ばくれつけん
　君が倒れるまで殴るのをやめない

・難易度（つよい）の敵行動パターン
　敵も上記マダンテ連発ゲーを避ける為、
　バーストからの行動が目立った。
　具体的には後半、
1　全体デバフor行動不能系のスキル
2　超高火力全体攻撃
　繰り返しで壊滅状態にされる

となるとこちらが先に動いてバースト状態になる前に倒してしまえば問題ないとなる訳で。
素早さの種と不思議な木の実集めが加速した。

とは言え全滅は1回、
裏ダンジョンのクソドラゴンにオートプレイで挑んで
毎ターンラリホーマ→なんか火炎耐性下げる攻撃→灼熱
の昏睡プレイ食らった程度だったので大分マイルドな調整だったと思います。

若い世代向けの調整になっているので初めて手に取る方は是非。"
24,おすすめ,20,"基本的にはおすすめ。よく仕上がってると思う。

オリジナルでは冗長的だった部分の削除と行ったストーリーラインのスリム化は良かったと思う反面、
モンスターパークや移民の町と言ったサブコンテンツ群がカットされてしまってるのは残念な点。"
25,おすすめ,52,グラフィックはドラクエ史上最高。キーファはネタキャラだと思ってたら非常に魅力的だった。
26,おすすめ,106,"ドラクエシリーズは安定した面白さがありますね。
ドールルックのグラフィックですが、キャラクターの髪の質感がカチカチな感じがして違和感を感じた以外は非常に良かったです。
トロコンまでして全体的には満足なのですが、個人的に残念だった部分を述べます。
カジノが無くなってラッキーパネルだけになったのは残念でした。ラッキーパネルは面白くない上に、辛口や激辛をクリアしようと思ったら録画前提の難度で不満でした。
昔のドラクエはゲームバランスが非常に良かった印象があるのですが、近年？の作品は今作も含め、一部の特技や魔法が非常に強く、ゲームバランスがあまり良くない感じがします。"
27,おすすめしない,54,"HD-2Dとかいう糞以下の産廃技術でリメイクされたロト3部作と比べると雲泥の差。
グラフィックが綺麗で驚いた。特に景色。でもそれだけ。他に良いところはない。
11を超える作品はもう出ないんだろうなとつくづく実感した。

原作がクリアまで100時間超えのやりこみ前提の仕様だったので、昨今のタイパ重視の客層に合わせて削られる要素があるのは仕方ないことだが、削った要素に対して追加した要素がほぼないのでまったくつり合いがとれていない。クリア後は特に顕著。エンドコンテンツは裏ダンと闘技場のみ。

カジノ削った理由が海外で売れなくなるからって何その守銭奴思考。
仕方ないんだろうけどもうちょっと隠せよ。羞恥心とか罪悪感とかないのかね。
インタビューで堂々と答えちゃうくらいだから後ろめたさとか全然ないんだろうな。怖。

過去のリメイクであった職業ごとの見た目変更が無くなったのも非常に残念。
ドールルックとかいう芸術家思考の技術を採用したせいなんだろうけど、わざわざ人形作らなくてもCG可できるよね。NPCやモンスターは人形作ってねえだろうが。
ゲームを作れ芸術家気取りども。ゲーム付映像作品はFFだけで結構です。
こういうクリエイターの無駄なこだわりのせいでゲームとしての楽しさを削られるのが一番イライラする。SNSで命削って作ってるとかレスしてたけど、今時こういうこと平気で言えちゃう企業ってまともじゃない。頭イカレてると思う。
おまえらのこだわりと自尊心をもうちょっと削ってくれ。

もう伝統的様式美みたいなものなんだろうけど、主人公喋らないのなんとかして。
今時こんな方法で感情移入やら自己投影なんかしないだろ。
ドラクエの主人公って皆喋れない病気とか障害でも持ってんの？それとも世界観的に呪い？
周りが喋りまくるから違和感がすごい。ものすごいコミュ障が旅してるみたいで
なんか見てて気を遣うんだよ。頼むからイベントシーンだけでも喋らせて。"
28,おすすめ,49,"前作までよりボリュームは減った印象がありますがサクサク進むドラクエ７はそれはそれで楽しかったです。
難易度は上げたほうがいつものドラクエに近いでしょうか
キーファ関連の追加イベントも好印象で相変わらずいいエンディングだなと感じました。

ですがクリア後いざトロコンしようかと思いたったところ、アイテムコンプのためにラッキーパネルの無限周回を強要され、このゲームの楽しかった思い出すべて台無しにしました。

あと検索しても同じ症状の方がいらっしゃらなかったのでおま環かもしれませんがオプション触らないと主人公たちの足音や環境音が全く聞こえません。
ボイス・BGM3・効果音10にしてプレイしていました。会心とルーラの音が爆音ですが無音よりましでした。"
29,おすすめ,90,bbbbbbbbbbbbbb
30,おすすめ,143,"●総評
　
　島が小さく、一部のストーリーが削除され、全体的にコンパクトにまとまっていた。後述のように育成要素もかなり楽で、裏ボス討伐、全員レベル99、全職業熟練度8、闘技場・修羅の道クリアまでやり込んでも、145時間だった。不必要にプレイ時間を多くしないことには好感が持てた。ただ、ラッキーパネルの難度が低ければ、もっとプレイ時間は短縮されただろう。

　キャラが人形のようにかわいい、主人公とマリベルの幼少期エピソードが追加されたこと、大人になったキーファと再会できること、レブレサックの胸糞ストーリーが改変されたことが良い。ただし、キーファが「アイラの先祖」との事実を、アイラ自身やグランエスタード王が知ることがなかったことには、違和感がある。

●石板、小さなメダル集め

「石板リスト」「メダル手帳」が非常にありがたい。ＨＤ‐２Ｄ版『ドラクエ3』『2』では、景品をすべてもらうには小さなメダルもすべて集める必要があったが、どこで取ったかが分からなくなり、すべての場所を再訪するハメになり、非常に困った。

●「正解」を知らないと突破できないパズル要素について

　過去ダーマの「封魔の牢獄」でのフォズ大神官の封印を解く際。左部屋のクリスタル破壊はまだいいが、右部屋のクリスタル破壊は難度が高過ぎる。ストーリー進行必須のパズルなのに、「正解」を知らないと突破できない。総当たりで選択肢を試すにしても、数が多すぎて非現実的。いくら発売後数時間で攻略情報が出回るとはいえ、【攻略情報を調べることが前提】なのは問題。ちゃんとゲーム中にヒントを用意すべき。もしくは、降参して仲間が解いてくれるようにすべき。

●ラッキーパネルについて
　
　ラッキーパネルの攻略が、「画面を動画保存する」ことが【前提】となっている。まだ、「甘口」「中辛」なら、まだ「画面の静止画撮影」だけでも何とかなる。が、「辛口」「激辛」になると、撮影した画面動画を見ることが【「必須」】になっている。さらに、めくるべき（メタルスライス、星、カギマーク）カードやめくってはいけないシャッフルカードの位置に付箋を貼る必要もある。

　難易度は「中辛」までにして欲しかった。それならば許容できる範囲であり、景品次第では楽しめた。

　メタルスライムの出現率が高ければまだしも、現状では低過ぎて、失敗した際の時間的・手間的・精神的損失が大き過ぎる。撮影した動画を見ること自体がかなり煩わしく、周回の手間がかかり過ぎる。もっと難易度は低くても良かったのでは？　スマホで動画を見ながら、カジノのスロットを回すのがちょうど良かったのでは？　さらには、「辛口」「大辛」成功時のファンファーレの演出もくどい。カットできぬため、周回テンポが悪くなる。

　さらには、「激辛」での景品出現率にも疑問である。特に、入手方法がラッキーパネルに限定されるわりには、知力のかぶとは宝箱から出るはぐメタシリーズと比べても、出現率が【極端に低い】。宝箱の、まじんのかなづち、天使のレオタードはクリア前でもモンスターからのドロップで入手できるので、知力のかぶとを宝箱にすべきだったのではないか？

　本来『ドラクエ』は「根気のゲーム」ではなかったのか？　コツコツ時間をかけてプレイすれば、ほしいアイテムを入手できるゲームではなかったのか？　プレイヤーの記憶力や外部ツール（録画、付箋）の影響が大き過ぎる。これでは本当に【神経が衰弱】する。

　しかも、ラッキーパネルはオリジナル版からあったとはいえ、海外のレーティングに媚びた結果、カジノの代替えとの位置づけも中途半端である。

　そこまでして海外で売りたいのであれば、ラッキーパネルという、ギャンブル性のあるミニゲーム自体を【完全削除】するべきだった。

　そして高性能な装備品の獲得手段としてなら、HD‐2D版『ドラクエ2』の「あなほり」「ふくびき」「モンスターからのドロップ」になぜ、ならわなかったのか？　

　はかいのつるぎや水のはごろもは、あなほりを繰り返すことで入手できた。ふくびきも、リセマラすれば、ゴールドカードやはぐれメタルシリーズの武器・防具などのレア景品も、根気で手に入った。はかぶさのけんですら、はぐれメタルを200匹程度たおして入手した。

　日本人にカジノのイメージを植え付けたのは『ドラクエ』ではないかのか？　海外のレーティングに媚びて『ドラクエ』の名物であるカジノを廃止し、精神的・時間的に甚大な負担がかかるラッキーパネルで、神経を衰弱させられた。日本版はカジノあり、海外版はカジノなしなら納得できる。日本のユーザーに海外のレーティングを強要するなら、【日本国内で販売すべきではない！】。販売国の習慣の尊重は、【日本も例外ではない！】

　HD‐２D版『ドラクエ3』で「性別廃止」を見事に有名無実化した手法にならってほしかった。

●レベル・熟練度上げについて

　中盤のコスタールで、特別レベル上げをしていないにもかかわらず、レベルが50近くあって驚いた。昔の『ドラクエ』なら、レベル40台半ばが「クリアレベル」だった。レベル上げの面倒がかなりなくなっている感じがする。

　特に過去のコスタールの大灯台で、くちぶえを使ってモンスターを呼び出すと、レベルが10、20はすぐ上がる。熟練度も、10分、20分戦っていると、1つ、2つの職業をマスターする。レベル・熟練度上げがかなり楽な感じがする。「こんなに簡単で良いのか？」という気もするが、どんどん上がっていくのが楽しい。

●ルーラ、リレミトについて

　ルーラを屋根のある場所で使っても頭をぶつけなくなったから必要性がなくなったとはいえ、リレミトが廃止されたことには驚いた。精霊を復活させている最中には、ルーラが使えず結構不便だった。精霊復活中にルーラ使用不可にするのであれば、ダンジョンもあるのでリレミトは残存させるべきだった。

　また、過去の世界の「現代への旅の扉」がルーラポイントになっていないのも、案外不便である。というより、現代と過去との行き来が石板を経由しないといけないのが面倒。謎の神殿の石板を経由するぶんはまだ分かりやすいが、他の場所の石板だと分かりにくい。島が現代に復活するか、メインストーリークリア後には、ルーラで直接、現代と過去を行き来できるようにしても良かったのでは？　ルーメンのように、過去と現代を行ったり来たりする場合もある。

　さらには、クリア後に行ける謎の異世界の集落と、さらなる謎の異世界・みなれた町がルーラポイントになっていない。両方とも、レベル上げやモンスターからのドロップアイテム狙いで行く機会がある場所なのに不便だった。とくにみなれた町は、リレミトがないため、ダンジョンからルーラで出られても戻ってくるのが手間がかかる。

●ストーリーの分岐について

　本作は、ストーリーが大きく分岐するポイントがいくつか存在する。オリジナル版プレイ済みやあらかじめ情報を知っていればともかく、初見だと分岐ポイントが分かりづらいのでは？　『ドラクエ12』でもストーリーの分岐が検討されているとの情報もあるが、分岐ポイントでは明確にメッセージを出しても良かったのでは？　もしくは、分岐ポイントでは、「分岐ポイント」と明記して、強制的にセーブデータが保存されても良いのでは？

●職業システムについて

　二つの職業を掛け持ちできるようにしたのは、没個性化を防ぐ試みである。だが、オリジナル版のシステムになじんでいると、とまどう部分でもあり、使えない特技・呪文が出てくることもあって、不便に感じる部分でもあった。ただし、いつでもどこでも転職できるので、装備品同様、敵に応じて付け替えやすかったのは良かった。欲を言えば、組み合わせを保存できれば良かった。"
31,おすすめしない,32,"グラが良いのと追加要素があるのは良い事だけども
ダンジョンを短くしたり過剰にある回復セーブポイントは
宿屋の意味を無くしてしまっているのでやり過ぎ

モンスター職をなくしたり
シナリオ削ったり等は改悪

初めてプレイされる方はこれでいいと思いますが
過去何かしらでプレイされている方はやらないでも
・・・といった感想でござる"
32,おすすめ,71,"オリジナル版をプレイ済みでしたが終始新鮮な気分で楽しめました
グラフィックはいいのはもちろんのこと、オリジナル版の雰囲気を大事にしているのがプレイの中でよく伝わります

とにかくマリベルが可愛いのがとても良い..."
33,おすすめ,31,"ドラクエ歴は11S → 10 → 1 → 2 → 3(HD2D)、原作7は未プレイの視点でのレビューになります。
　クリア時間はセーブデータ記載のタイムで約27時間。

【良かった点】
●バラエティ豊かな陰鬱エピソード
　本筋こそ魔王を倒して平和を取り戻す王道の物語だが、各地の島で繰り広げられる個々のエピソードは暗く辛く厳しい世界観の物語たちで構成されている。
　初手のウッドパルナから始まり、主人公たちの到達時点で既に手遅れなダイアラック、原因となる魔物は早々に討伐したにも関わらず村の人間関係がどんどん悪化していくグリンフレークなどは特に印象深い。
　賛否分かれる要素かもしれないが、個人的には好みの作風。

●個別調整可能な難易度
　与えるダメージ、モンスターのつよさの他、得られる経験値やお金の量をそれぞれ個別に設定可能。すなわち、敵の強さはハードだが経験値量はイージーの如く稼げるようにも調整できる。
　エネミーシンボルが襲いかかってこなくしたり、戦闘終了毎にHPが全回復するようにできるオプションまであり、サクサク進めたければいくらでもサクサクできるように設計されている。
　おそらく物語を既に知っている原作7プレイヤー向けの要素なのだろうが、緊張感のある冒険はしたいがレベリング作業は好まない私のようなプレイヤーにも嬉しいシステムになっている。

●現代的なUI
　直前のHD2Dシリーズまで続投していた伝統的ドラクエUIを廃止し、現代RPGらしい機能的なUIになった。
　ここも賛否分かれる点かとは思うが、インターフェースは使いやすいにこしたことはないので個人的には加点要素。

●統一感のあるグラフィック
　公式はドールルックと謳う3DCGで描かれるグラフィックはアニメ風とリアル風を良い具合に調和しており、ドラクエの3D表現として理想的な塩梅。

●携帯機でも快適なパフォーマンス
　ROG Xbox Ally Xでプレイ。
　RSR (720p→1080p)とAFMF2.1を適用し、最高画質設定かつ120fpsでGPU使用率70%前後の安定動作可能。

【気になった点】
●やや大味な戦闘バランス
　与えるダメージ「ふつう」&モンスターのつよさ「ふつう」では、ボス相手だろうと特に難しく考えなくても勝ててしまう。
　終盤にもなると職業「勇者」のバーストスキルである数ターンスタン＋雷耐性ダウンが非常に強力で、ボス戦ではとりあえず全員のサブ職業に勇者を入れて交互にバーストを撃っていればまず負けない。

●職業熟練度
　上位職業に転職するために下位職業の複数習得が必須。獲得熟練度を「たくさん」に設定してもさほど多くはならず、獲得経験値量を増やしてレベリング作業を軽減しても結局熟練度上げのために戦闘回数を稼ぐ必要が出てきてしまう。

●被写界深度設定をOFFにできない
　常に遠景がぼやけて見える。ON/OFFできるオプションを付けてほしかった。

【総評】
　現代的に""Reimagined""したドラゴンクエスト。
　システム的にもグラフィック的にも、この路線のドラクエがさらに欲しくなる一作。"
34,おすすめしない,49,"陰鬱なストーリーが多いことは覚悟していましたが、それ以上にカットされた要素が多すぎます。
カジノは仕方がないと思いますが、移民の町、モンスターパーク、世界ランキング協会、モンスター職が無くなったことは悲しいです。
原作で不評だったムービーが綺麗になったのと、マリベルがかわいいのは良かったですが、
原作を楽しくプレイしていた人ほどおすすめはできません"
35,おすすめ,44,テンポがよく楽しめました。
36,おすすめ,81,神
37,おすすめ,40,👍
38,おすすめしない,74,"[h2] 優れた美術と演出は近年のリメイク作では出色の出来、一方であまりに無惨な削除要素は看過できない [/h2]

　＊裏ダンまで難易度いばらの道だぜでクリア、闘技場やDLCもクリア済みの状態でのレビューです。

　PS1時代の名作、DQシリーズでもやや個性的なシナリオと重めのボリュームで賛否両論あるものの大きな存在感のあったDQ7のリメイク作。グラフィックの刷新、ボイス追加、ストーリーの変更など期待する点も不安な要素も多くあったのだが、結果的にはリメイク要素における良点と欠点がはっきり分かれる出来になったように思う。

　良点としては、第一にグラフィック関連だろうか。細やかに作られた箱庭のようなマップグラフィックと、主人公などを現実のドールから作ったというキャラグラフィックは原作の雰囲気を大いに感じさせる出来で、DQ的なファンタジックにデフォルメされた世界の見た目として非常に合っているように感じられる。DQシリーズのリメイクや移植はグラフィック関連が雑なことが多く、DSやPS時代はひたすら7のオリジナル版のグラフィック（やゲームエンジン？）を流用し続けており、原作グラフィックへのリスペクトには乏しく手抜きだった。5のPS2版は例外だが、最近のHD2Dも中途半端で期待外れな出来であり、正直グラフィック面でのセンスに期待はしていなかったのだが、このリイマジンドでは見事に原作の空気感を醸し出しつつ現代的に高精細化しフル３D化した新たなグラフィックフォーマットを作って見せている。素晴らしい。
　また、ゲームバランスについては通常難易度がかなり簡単に作られている一方で、いばらの道だぜ（ハードモードに当たる難易度）にすると原作のような難易度での戦闘を楽しめるようになっており、快適さと原作リスペクトを上手く両立しているように思える。難易度は細かく要素ごとに自由に設定することも可能で、この辺りの造りも丁寧で様々なプレイスタイルに応えられるものとなっており、良い。
　元々面白かったストーリー部分については原作をしっかりなぞりつつも演出やボイスでうるさくない程度にパワーアップされており、丁寧な演出が光る。原作にはなかった選択肢が追加されたシナリオもいくつかあるが、これに関しては原作通りのシナリオとリメイクで追加されたシナリオを選べる仕様になっており、原作通り遊びたいプレイヤーへも配慮がある。
　追加されたボイスに関しては違和感が少なく、特にマリベルの声は素晴らしい親和性のある声優を起用しており、あまりにも魅力的なマリベルに仕上がっている。個人的には他の仲間キャラもかなり良い感じだった。

　と、ここまで書くと、何だ良作じゃんと言いたくもなる。確かに丁寧な仕事の光る良いリメイクではあるのだ、上記の部分については。ただ、それを打ち消し、ギリギリでおススメしない判定でレビューを投稿しようと思った大きな欠点がある。以下に記す。

　まず、大幅なシナリオ削除がある。DQ7はマップの大陸や島ごとのシナリオがまるで短編連作小説のようにいくつも描かれた作品なのだが、そのシナリオがごそっとカットされている。マップごと完全に丸ごと、全体の15～20％ほどだろうか、3大陸分のシナリオが無くなっている。思い出深いあの町のシナリオ、キャラクター、ダンジョン、全部カットである。DQ7のもっとも重要なシナリオという良点を大幅削除するという蛮行には首を傾げざるを得ない。
　また、上記シナリオ以外にも、ダンジョンなどが大幅カットされているポイントがいくつかある。結構印象深いダンジョンなども無くなっており、原作の記憶を胸に遊ぶリメイク作としてはガッカリだった。
　更に、7初出のモンスターなどもいくらか削除されている。これもオリジナル版を懐かしみながらのプレイでは地味に哀しい削除要素だった。
　更に更に、仲間会話も大幅カット。戦闘中の会話システムは存在ごとカット。せっかくボイス追加もあって魅力的になったキャラクターたちから掛け合いを大幅に減らすとは何事か。声の収録は難しくとも、別にフルボイスのゲームではなく通常の会話はパートボイスやテキストのみでやっているので、会話自体を引き継いで表示させるのはさほど難しくなさそうなものだが……。
　更に更に更に、ミニゲームや収集要素も大幅カット。カジノ削除、移民の街システム完全削除、モンスターパークも全削除。ゲーム作るの面倒ならゲーム会社止めたら？ と少し思ってしまう。 カジノに関しては世界展開する上で年齢制限などを考えると難しい、というのは分かるのだが、移民の町やモンスターパークの削除はただただ削除しているだけではないのか。こうした脇道要素も7の大きな魅力であっただけになんとも残念である。
　カジノ要素はほんの一部、ラッキーパネルが残されているのだが、これがまた悲惨な出来で、アイテムをコンプしようと思うと十時間以上の運ゲーを強いられる。スマホで録画すれば何のゲーム性も無くなる神経衰弱ゲームなのだが、確率でアイテムランクアップがあり、それでしか手に入らないレアアイテムが何種類かの中からランダムで、なのでいつまで経っても手に入らないものは手に入らない。カジノを削除して残されたのがこの苦行かと嘆きたくなる。

　総評としては、リメイク作としてはあまりにも多くの削除要素があるため駄作、新規作品として見ればまあまあのRPG、というところだろうか。どこかで「DQ7を『履修』するゲームとしては優秀」と皮肉った評し方を見かけたが、本当にそれだなと。芯の部分は確かにきちんと残っているし綺麗に飾られて質のいいものになっているが、それ以外をごっそり削られているのだ。
　PC版は値段もえげつない高価格に設定されているので、オリジナルの記憶を大事にしている方は削除要素を良く調べた上でセール時にでも買うのがいいだろう。決して悪くはない作品なのだが、許せない削除塗れの作品でもある。"
39,おすすめ,14,"[h1] ドラクエシリーズ唯一の賛否両論作品であるドラクエ7　二度目のリメイク作品。 [/h1]

『ストーリー面ではなく、ゲーム体験としてドラクエ7に挫折してきた人』『ドラクエ7をやった事がない人』
これに当てはまる人にとにかくやってもらいたくて、
一人でも多くの新規プレイヤーにドラクエ7の世界を知ってほしくて、
一番手軽で一番プレイしやすいこのリイマジンドにオススメレビューを残します。

が、私がリイマジンドをオススメとして投稿しているのは
ドラクエ7未プレイの人が『ユーザーレビュー：非常に好評』に背中を押されて購入しプレイする為であり、
プレイ時間から察せられる通り私自身はリイマジンドはつまらなかったし、せっかく回ってきた二度目のリメイクチャンスがこれで消費されてしまったのか…と本当に悲しくなりました。
みなさんはこの感想を「ああまた古参がなんか文句言ってるわｗ」と冷笑してください。
あなたが楽しんでプレイできたならそれが一番よい事です。

[h2] 【良かった点】 [/h2]
[h3] ・グラフィック [/h3]
もう文句のつけようがない。
島の規模感も、画面全体のまとまりも、モデリングもとても良かったです！本当に！
オープニングでは涙流して感動しました。
このグラフィックはドラクエ史上最も良いものだったと思います。
他のナンバリングのリメイクもこのグラフィック基準で開発してもらいたいですね！ぜひ！
[strike] どうでもいいけどみんな「ドールルック」って言葉使いたすぎだろとは… [/strike]

[h3] ・UI [/h3]
もう今後全部のドラクエこれで行きましょう！
手軽になってめちゃくちゃ良かったです。
特に道具を個人個人が持つんじゃなくて共有になった部分などは、これに慣れたら過去作遊べない。
過去作も全部これで神リメイクしちゃってください。9も。すれちがい通信なくていいから。9も。

グラフィック・UIのこのビジュアル面はかなりリイマジンドを冠するにふさわしい進化を感じましたね。
ここ進化できないリメイク作品は作らない方が得です。聞いてるかダイパリメイク。

続いて、PS版3DS版を何度もクリアし、「ドラクエの中で一番7が好き」な私がこのプレイ時間で辞めてしまった理由を述べていきます。

[h2] 【悲しかった点】 [/h2]
[h3] ・ビジュアル以外の全ての改変/削除要素 [/h3]
[b] これです。終わり。解散。[/b]
私がなぜドラクエの中で一番7が好きか　それは他のドラクエにはない不思議な魅力がたくさんあったからです。

[h3] ・リメイクにおける序盤の神殿の全てにがっかり[/h3]
PS版ドラクエ7一番の挫折ポイント。長すぎたパズル。不気味で恐ろしげなくせに戦闘が発生しない謎の場所。
まさしく「神秘」を感じるあの神殿。
私はあの神殿のパズルからドラクエ7に心を奪われていたんです。
現代で言うリミナルスペースに惹かれる感覚と似ていると思います。
あのBGMも相まって、とにかく全てが不気味。
分からないという不安。知らないという恐怖。
いっそ魔物が出てくればそういう怖い場所として納得できるのに、それもない。
この神殿の全ての体験が胸に刺さったまま抜けない人間にとって、3DS版もそうですがリメイクの神殿は本当に萎える。出鼻くじかれる。
でもこうリメイクされるのも分かります。タイパ コスパの現代で、不安を体験するだけの30～40分「無駄」と切り捨てられるのはもう仕方ないのかも。
みんな早く「たたかう」したいもんな。
みんな早くマチルダに花の種渡したいもんな。
だからってBGMのテンポまで早くしなくてもいいんじゃないでしょうか。
リイマジンドの神殿、神殿じゃなくてただの石板小屋すぎてもうそこで結構がっかりでした。
あと3DS版からいる石板案内人？あいつの存在も神殿の謎に満ちた神秘的な雰囲気ぶち壊してると思う。
リイマジンドだと石板もめちゃくちゃ探しやすいから、少なくともダーマクリアまでは一切話しかけてない。
何のためにいる？

[h3] ・ぬるい通り越して過保護すぎる低難易度[/h3]
「難易度上げてプレイしないのが悪い」と一蹴されますねこりゃ。失礼しました。
普通のゲームって『難易度ノーマル』がそのゲームにおけるおおよそ普通の難易度ですよね。
リイマジンド、デフォルトの難易度がぬるい通り越してなんか過剰に楽すぎませんか。
いたるところに建てられてる女神像。あれはなんだ。
至るところに大量に女神像を建てたいからプロビナをカットしたのか？とリイマジンドの陰謀論者になりそうです。
もはや用の無い教会、宿屋、道具屋　みんな泣いてます。
ドラクエシリーズって、ゴールドやアイテムやHP/MPのコスト管理も楽しさの一部だったと思います。
「このダンジョンあとどんぐらいあるんだろう…」
「ボス戦までMP温存するか…」
縛りなんてしなくても、このくらいの軽い緊張感を持ってダンジョンに挑むのが楽しかったのですが、その楽しみも奪われてしまった。
「ぬるいのが嫌なら難易度を上げろ」「そんなに女神像が嫌なら使わない縛りすればいいだろ」
そういった声が聞こえてきますね。
ですが、頑張って人の気持ちに寄り添って考えてみてください。
普通、ゲームシステムについて特に事前知識のないゲームをやる際　難易度を選べるならとりあえず「標準」「ノーマル」「デフォルト」を選ぶ人がほとんどです。
よっぽど高難易度ゲームに飢えてるか、ドラクエのシステムそのもの（変動する数字のやりとり）がとにかく好きなんだというプレイヤー以外は　初プレイから難易度を自分で上げたり縛りを設定したりなんてしないです。
標準の難易度がこのゲームを楽すぎず苦しすぎず、ちょうどいい塩梅で遊べると普通は思います。
「戦闘がダルくないから新規プレイヤーも遊びやすい」「これは新規層に向けたゲームなんだ！」ってよくレビューや布教で言われてますが、
本気で言ってるとしたらドラクエやらん新規プレイヤーの事、舐めすぎてると思います。
ドラクエをやった事ない人って、ストーリー重視のゲームがそもそも苦手だったり、シンプルなテキスト主体のターン制バトルが単調でつまらないって人がほとんどなんですよ。
ドラクエの戦闘が難しいから、簡単ならやりますって人　かなり少数だと思います。
だからってかなり難しくしろとかそういうわけではなく、
「新規の為に簡単にしてるんだ～！」と言い訳するのはやめてよ新規のこと馬鹿にしてるだろ…という話。
この低難易度で本当に喜んでいるのは、なんか昔と比べて増えた呪文や特技の選択肢を選ぶのが億劫になってきた中年以上のドラクエ古参なんじゃないでしょうか。
難易度に関してはストーリーさえ把握できれば戦闘はどうでも良い　という人にとってはこれでいいのかもしれませんが、もう少し難易度デフォルトの水準を上げてもよかっただろと思います。

[h3] ・原作からリストラされてしまった全ての要素[/h3]
[b] カジノ以外は本当に全然納得できません！ [/b]
シナリオに関してはやってもやらなくても良いサブ石板とかでいいから実装してほしかった。本当に。
ドラクエ7が好きって言ってる奴らはみんな、このドラクエっぽくないオムニバスなシナリオが大好きだったんです。
同じ世界で起こっている短編集を読む気持ちで楽しんでいたんです。
細かすぎる会話システムだってそう。本当に細かくいろんなタイミングでセリフがあって、それを読むのが楽しかった。
[b] なんで賛否両論って言われてたドラクエ7で「賛」側の人間達が好きだった部分を削れるんですか。どういう神経？ [/b]
挙げるとキリがないのであれですけど、移民の町も好きだったからなんで削った…？
本編自体を短くする。最短でクリアしたい人向けに。←これはいい。別に。
削った全てをサブコンテンツとして残しておいてほしかったしなんなら現代の技術でパワーアップしてほしかった。
カジノ廃止に文句言ってる人はさすがに無視で大丈夫です。

[h3]・11のコスプレ衣装の意味不明さ[/h3]
個人的に特にがっかりしたのは、[b]3DS版で唯一良かった[/b]　職業ごとのキャラの見た目変化が廃止された事。
何してくれてんの。
こんなに綺麗なグラフィックなのに、着せ替え要素は誰が喜んでるんですかっていう11衣装（有料DLC）と体験版報酬のパジャママリベル。
私達はアルス達の冒険を楽しみにしているのになんで11のコスプレ？イミフすぎる。
じゃあいっそDLCもなくてよかった。11のコスプレ衣装作るリソースあったならせめて職業ごととかじゃなくてもいいからマリベルのパジャマ姿みたいな感じで数パターン アルス達の別衣装を作ってほしかった。

[h2] 【リイマジンドとは】 [/h2]
[h3] 本作は　名作映画を倍速視聴しているような、そういうゲームです。 [/h3]
ドラゴンクエスト7という異色の名作を、とりあえずささっと頭に詰め込む事ができる。
「ドラクエ7ってこんな話だったよ」と言えるようになるだけの、ダイジェスト版というか、
アニメの劇場版に合わせて作られる映画館で放映する用のアニメ本編の総集編みたいな。
大筋を体験してもらう為に、大きめの要素以外を削って削って倍速倍速して、そうしてできた作品。
ゲーム版ダンガンロンパに対するアニメ版ダンガンロンパみたいな。本当に大筋だけを履修する為の作品。
冒頭にも書きましたが、私がリイマジンドをオススメとして投稿するのは
ドラクエ7未プレイの人が『ユーザーレビュー：非常に好評』に背中を押されて購入しプレイする為
それだけです。

最後までプレイしてから文句言えよって話ですが、グラフィックとキーファのなんか追加要素？でこの感想がひっくり返る事はないだろうと思い、
14時間のプレイで本作は一旦中断し、PS版を遊んでいます。
PS版で一通り遊び尽くしてから、綺麗なグラフィックのダイジェスト版としてリイマジンドを完走する予定です。
いつになるかは分かりませんが。"
40,おすすめ,49,"[h2] 令和のドラゴンクエスト。入門にはオススメ [/h2]

まずキャラクター造形がとんでもなく可愛い。
アート制作用にドールを作っていただけあって、人形劇みたいな雰囲気が作品にも鳥山イラストにもあっている（ここは好き嫌いが分かれるだろうが）
ミニチュアセットのような島々や町並みが本当に可愛く、歩いているだけで…いや、民家に置かれている野菜までも可愛らしかった。


PS版をやっていた友達から当時「とにかくLVが上がらない」「とにかく金がたまらない」「とにかく石板を探すのが大変」と聴いていたので手を出さなかった1作なのだが、そのへんが全て改善以上のぶっ飛び親切設計で一度も迷うことなく終わらせることができた。
ただ、１つの石板の世界にかかる時間が相対的に激減し、一つ一つのストーリーが結構な早さで終わっていくため地名も覚えられなければ、キャラ名も覚えられなければ「あそこ気になるから後で来よう」も忘れて次を消化しにいってしまうので、後半「その人だれだっけ？」「そこどこだっけ？」が発生してしまっていた。

この辺は好みが分かれると思うのだが、もう少し戦闘に歯ごたえがあっても良かったのではと思ってしまう。
直前にやったHD2D版DQ１＆２がやりごたえ面がとてもしっかりしていて戦闘も工夫しがいがあっただけに、ラスボスすらあっさり倒せてしまったのは拍子抜けした（特にレベルも意識して上げてないし、シンボルエンカウントなので避けれるところは避けていた）

職業ランクが上がりやすいのもいつでも転職できるシステムと噛み合って爽快で良かった。
クリアまでに全職業カンストとかもならない絶妙なバランスだなと思ったし、転職直後だとちゃんと戦闘でやることなくて弱いし。仲間みんな強い無双系ドラクエだね。


グラフィックもボイスもかなり良かったし、ストーリーも「例のあの人」の追加シナリオも悪くなかったのではないでしょうか。
ドラクエ入門やDQ7やってみたかったけど腰が引けてた自分みたいな人には十分オススメできます。"
41,おすすめしない,95,"ReimaginedというよりGeneric。ドラクエ7を再構築したのではなく、令和最新版として色々オミットされた簡易版ドラクエ7。

元々のドラクエ7にあったシナリオや要素の一部は削られてるし、補填する形で追加されたシナリオはあまりに薄すぎるし、ドラクエとしてもRPGとしても骨太だったドラクエ7と比べて簡単・薄味・無味無臭。
RPGとしてボスやダンジョン攻略で壁を感じることも無く進み、全てがサクサク簡単お手軽に進むため何も印象に残らない。ゲーム中に一切の緩急がない。
適当にやっててもこちらが強くなりすぎるためレベル上げなんてしなくてもラスボスはボッコボコ、クリア後ボスもボッコボコ。蘇生呪文なんてゲーム中一度も使わず終わった。
特に最初の展開は酷い。数々の試練を乗り越え旅の扉を抜け異世界にたどり着き、初めて魔物と呼ばれる生物と相対しこれに勝利、さあここから夢にまでみた冒険へ出発という素晴らしい序章だったのに、試練は短いし少ないしもう途中でモンスターと戦闘してしまう。異世界で初めて戦闘するから良かったんだろ。スライム倒して「あれ魔物だったのか！？」ってお前遺跡の中で既に戦ったやろが。

制作陣に是非聞いてみたいのだが、当時PS版のドラクエ7をプレイした人間は今でもあの頃の記憶を思い出すことができるし今プレイしても面白いと感じるけど、果たしてこのReimaginedをプレイした人間が10年後20年後このゲームを思い出すと思うか？もう一度プレイしたいと思うか？
このゲームが注目され購入され良い評価を受けたのは元々のドラクエ7が今なお語り継がれる名作だからであって、完全新作として発売されていたら見向きもされていないし評価もまちまちだっただろう。

当時のファンや今のプレイヤー達が求めていたのはドラクエ7にあの頃は出来なかった事、無かったアイデアをくっつけて更に分厚くして、それをバランスよくReimagined(再構築)したドラクエ7だった。色んな部分を削って簡単にして味を薄くしてほっそいガリガリの簡易版(generics)としてのドラクエ7ではなかった。

大量のゲームが出続ける今の時代、どんな大作ゲームでさえすぐに消費され日常の中に消えていく。人々は新たな刺激を求め続け移り変わりゆく。
でもだからこそ記憶に残るゲームを作るという気概が必要だし、それがドラクエ7というゲームだったはずだ。
制作陣にとってもこのドラクエ7は自分たちの実績作りでしかない単なる消費物の一つだったんだろう。
ドラクエファンとして、スクエニの中にドラクエシリーズを愛している人間がもうほとんど残っていないのが悲しい。

反面、ドールルックは良い。人間はちょっと気持ち悪いけどモンスターの造形、モーション、作り込みは素晴らしい。このドールルックでモンスターズをプレイしたい。


人々の記憶に残る大作ゲーム「ドラゴンクエスト7 エデンの戦士たち」は、心無い再構築により誰の記憶にも残らない「　　」になってしまった。この制作陣にはもうドラクエを作らないでほしい。
ドラクエシリーズファンとして、昨今のゲーム業界(特に日本の)を憂う知識人ぶった老害として、このゲームにはNOと言わざるを得ない。"
42,おすすめ,90,６９歳になりました！未だにドラゴンクエストは大好きで、孫に教えながらプレイをしています。私のホッとするひと時です。
43,おすすめ,62,がちおもろい
44,おすすめ,64,"普通に面白かった。

一番おすすめしたいのはグラフィック、ドールルックは革命だと感じました。
ゲーム性は良くも悪くもドラクエって感じですがちゃんと作られてるなぁと感心するもでもともとJRPGが好きなひとなら問題なく楽しめると思います。

惜しむらくは職業システムかなぁ、もうちょっとやりこみ要素として残してほしい部分が多かったイメージ。
モンスター職の削除と他職業の呪文特技が一切引き継げないのがちょっともったいないかなと

アップデートはないだろうから来るかもしれない天空シリーズに期待したいと思います。"
45,おすすめ,109,"「世界に島が１つだけなんて嘘だよな！？探しに行こう！」という旅立ちの理由が何よりもワクワクさせられる。
幼い頃に駆けていた砂浜の延長線上で世界を救ってしまった、幼馴染達との旅路が最高に楽しかった。

マリベルが余りにも良すぎるのでオタクにドラクエを勧めるとしたらコレ。
""冒険中に仲間に話しかけるコマンド""がとにかく多彩で、メインシナリオに組み込んでもいいくらい重要な会話も聴ける。何気ないNPCの一言に応じたリアクションなども存在するので、冒険中は逐一話しかけることをオススメしたい。"
46,おすすめ,58,"原作のドラゴンクエスト７を発売当初クリアし、約20年以上の時を経てストーリーは同じですがとして発売された本作に対してのレビューです。

ゲームのプレイ本数が多いため、悲しいほどにほとんど記憶が残っておらず斬新に楽しめました。また、今回採用されたドールルックはいい試みだと思います。正直なところ、部分的に高画質にしたものの場所によっては粗さが目立つリマスター等は購入しようと思えず、また10年程前くらいからでしょうか2.5Dにしても限界を感じてきておりましたが、このドールルックは高画質なマップにかわいらしいドールルックキャラクターを配置することで一見なじむのかと心配はありましたが、ドラクエのような世界観にはすごくマッチしており新たな境地を見いだせたと思います。今後のドラクエシリーズではぜひ採用してほしいです。

さて、本題についてですが、オリジナル版はクリアに90時間ほどかかった記憶がありますが、本作は40時間ほどでクリアできました。ドラクエ7といえば迷子になり、ただただ石板探しの時間が長くて苦痛の記憶しかなかったのですが、今回はいい意味で石板を探しやすくするための工夫などが用意されており無駄な時間が少なく、クリアまでの時間が大幅に省略されているのに端折り感はなく中身が濃く非常に満足です。オリジナル版をプレイしている方にも勧められる良作です。"
47,おすすめ,43,"キーファ関連の追加要素→良い
ドールルック仕様のグラや、そこからの戦闘ボイスなどキャラ表現→良い
ゲームプレイの感覚→良い
レベル上げのしやすさ→良い

全体的に無難なリメイクとなる。
ただ、ドラクエ全般の問題かもしれないが、ひたすらレベル上げて脳筋でゴリ押す印象もある。
自分がサガシリーズを好むゆえにちょっと気になったポイント。

■直近のリメイクとの比較
DQ7Rはシンボルエンカ＋くちぶえでレベリングしやすかったが、ランダムエンカだったDQ3HD2D版はくちぶえの取得の有無でレベル上げ効率が段違いな印象
３と７のリメイクを触るに至ってランダムエンカだけはもうやめてほしいと思った。

■ストーリーのクリア後の感想
過去世界を救って現代の大陸を復活させたり、神云々の後の現代終盤はおおっ！となった。
ただ、クリアした後になぜかスンッと感情が終わった。
これまでプレイしてたストーリーがいまいち印象に残らなかったというか、それとも過去世界で魔物たちを退治したはいいものの終盤になって魔王を退治しないといけないぞとなるよりも、もっと思うことがある。
本編中の魔物サイドはずっと勇者不在の環境で各地域を滅ぼすようなことをしている姑息なやつらで、それが終盤になってもやっぱり姑息な手を使う魔王オルゴデミーラ。とにかくやり口がしょぼすぎる。
自分勝手な理由で離脱したキーファといい、魔王退治してもスッキリしないこのモヤモヤ感。
３の真ラスボス感なゾーマや、６の殺意マシマシなムドーとか、５の俺を倒したら全部解決するぞ的な立ち位置でしかないミルドラースみたいなキャラ立ってる魔王と比べると、オルゴは卑怯者のクソ野郎で倒しても全然気持ちよくない

■石版
過去を振り返る話が多くなるので、どこか後ろめたいイメージがある。
最後に石版のメッセージを見るところは、石版＝墓のような印象がついた
ストーリーの暗さもあったし

■最終的な感想
無難なリメイク
ただ、もともとの７のストーリーをなぞっているのでダルさはあるし、レベル上げてゴリ押す感（難易度によっても変わるかも）があるので、ストーリーが好きだから１周するともゲーム性が好きだから１周するともならない絶妙なところ
クリア後の要素はやるかもしれないけど、終わったら自分は間違いなくサガシリーズやります。
７Rを他人に勧めるかと言えば勧められますが、周回はしないかなっていう絶妙なゲームですｗ"
48,おすすめ,58,"PS版を遊んでから20年以上経つのかな？
もう内容は断片的にしか覚えていなかったけれど、終わってみるとしっかりとドラクエ7だった。
色々と当時のほうが良くね？という部分もありつつ、こちら独自の魅力もあった。
総合的にみておすすめできる作品だと思う。

ある主要キャラクターのイベント追加については良い部分と悪い部分のトレードオフなので
この味変もありかなーという印象。

※普通のRPGファンであれば難易度はいばらの道を絶対におすすめする。

【良い点】
本筋のストーリー
キャラクターグラフィック
過去ルーラ
グレーテ姫以外のキャラクターボイス
職業のかけもち
キーファ

【悪い点】
ストーリから消えた島
いばらの道以外を選択した場合の難易度
相変わらず回せないカメラ
キーファ"
49,おすすめ,35,"紛うことなき神ゲー
89もはよ出して"
50,おすすめ,16,当時はマリベルがそれほど好きではなかったが、今回のでかなり好きになりました。
51,おすすめ,113,"面白かった。が、いばらの道でもわりと簡単だったので、さらに上位の難易度が欲しい。
あとグラフィックは文句なしの100点です！すばらしい！！

追記
神経衰弱のミニゲームでしか手に入らないアイテム多くないですか？図鑑埋めるの大変でしたよ・・・"
52,おすすめ,110,"原作に比べて綺麗にまとまった感はあるけど、それでもツッコミどころが多いのは残念な出来だった。
どこまでも他人事なシナリオの連続なのは変えようがないし、もうこれはどうしようもないんだろう。
転職システムも改善された……ように見えて、職業を変えると覚えた特技全部忘れるようになったせいで、最上位呪文使えるのに下位呪文使えないとか、ベホマズン使えるのにザオリク使えないとか、バカが考えたとしか思えないシステムになってたのも残念だった。
原作では鳴り物入りで導入された仲間への「話す」システムも大幅に劣化。
会話削りすぎで、シナリオのフラグまで壊してるところも見られたのが残念だった。
ていうか、普通会話削ったらフラグミス減るんじゃないのか？　何でミスが増えてるの？
そんなわけでマイナス面が目立ったけれども、原作のダラダラ感がなくなってたのは評価。

主人公とマリベル？
インピオっていいよね。
ドラクエでインピオ堪能したいなら、ドラクエ７って言えるかもしれんぞ。"
53,おすすめしない,82,ー
54,おすすめ,61,"ドラクエ初見の人に是非お勧めしたいゲームです

見直したぞスクエニ
最高の体験をありがとう"
55,おすすめ,39,"難易度設定はデフォルトの状態でクリアーまで遊び、40時間くらいでクリアした。
PS版でクリアーに100時間かかってたので、プレイ時間は半分以下に圧縮された。

戦闘は結構優しめで、いわゆるレベル上げみたいな作業はほとんどしなかった。
(道中、意図的に敵を倒すようにしたくらい)

また職業ランクも上がりやすい？ように感じた。

例のアイツに関しては、自分はいい改変だと思った。
なんだかんだ、他に影響を与えないように配慮されていたし、アイツがやったことが実ったことが共有出来たのは素直に嬉しい。
※PS当時からPTを抜けたのはショックだったけど、怒りとかは無かったので。

一番の不満点は、職業の技が引き継がれない点で、
全職をマスターする意味が無いため、必要な職業だけマスターして終わりって感じだった。
全キャラオールマイティになってしまって没個性になるのを改善したかったと思うんだけど、
7の何でも出来るって状態のが正直7らしくて好きだった。

モンスター職もなくなったが、PS版でそこまでやり込んでなかったので、個人的にはモンスターの心システムのが楽しめた。

街が3つくらい？なくなったみたいけど、PS版の内容を細かく覚えていたわけじゃないので、何がなくなったのか全然分からなかったw

マリベルって、こんなに可愛かったっけ？もっとツンツン要素強めだったような気がするんだけどw
当時、ツンデレって言葉が無くて、わがままキャラとしか思ってなかったけど、ツンデレを学習した後だから、可愛く見えるようになったんだろうか？

これから初めて7をプレイするって方には特にオススメしたい！"
56,おすすめ,56,"PS版と3DS版既プレイかつライトゲーマー視点のレビューです。

ボリューム：PS版 > 今作 > 3DS版
遊びやすさ：今作 > 3DS版 > PS版

グラフィックについては好みもあるだろうけど、私はとても好き。
今作のドールルックはダークな人形劇を見ているかのような気分になれて
7の世界観とばっちりあっていたと思う。
今後もこのグラフィックを続けてほしい・・・とかではなく、
７のリメイクだったからこそ、このグラフィックは輝いたんじゃないかな？

シナリオはもともと大好きな７の物語だから当然おすすめ。
26年前のシナリオだけど古臭さを感じないのは、
人の本質を突いた問いかけが各シナリオの中核にあるからだと思う。

PS版と比較すると確かに削られたものも多い（移動中や戦闘中の会話が減っていたのはすごく残念だった）。
でもPS版が出た2000年と比べて競争激化、開発コスト増大のこのご時世に
限られたリソースで古参も新規も楽しめるベストを尽くした作品に仕上げてくれたと思います。
スクエニの皆さん、とても楽しくプレイさせてもらいました。ありがとう。

(・・・そういえば2000年はFF9もリリースされた年。
　FF9のリメイク・・・今作のおかげで期待が大きく・・！)"
57,おすすめ,34,"ストーリーをクリアしたので感想を
クリアまでは大体30時間前後、発売当初は世界樹やメモリアルリーフなど削除が入って残念と思っていたが、実際プレイしてみると丁度いいボリュームでした。
戦闘も職業変更も快適で、初めてやる方でもかなり遊びやすい作品だなと感じたので是非まだDQ7をプレイしてない人はやってみよう！"
58,おすすめ,62,ドラクエって何でこんなに面白いんだろう。
59,おすすめ,55,so good
60,おすすめ,211,"過去DQは1-8(全てオリジナル)までプレイ済み
本作はLv99/宝箱全取得/ステータスは装備なし職業補正でそれぞれ下限マイナスにした上で全て999/所持ゴールド9,999,999/実績全解除/DLC含め全コンテンツ消化済

レビューは気になってる方が見る物で気になってる方は良かった所よりどこが良くなかったか、それを元に購入するかの判断をする為に見る物と考えているのでそれを踏まえての物になります

まず職業が少ない、戦闘速度は超速い等テンポは非常によくなっているしオリジナルよりマスターするのに必要な戦闘回数が少なくすぐマスター出来るようになっている
掛け持ちシステムは良い、ゲーム難易度が茨の道にしても簡単だからマスターした職の呪文/特技が引き継げないのも問題ないし職同士の掛け合いでどんな構成にするかの楽しみもある、しかし職自体少なすぎる為掛け持ち解放後ちょっと熟練度稼ぎしたら全職マスター終わってるのは少なすぎる
全部とは言わずとも多少はモンスター職も用意すべきだった
折角の掛け持ちシステムで自由度が広がったのに最終的に選択出来る職が少ない為縛りプレイしない限り大体誰がやっても同じ職の組み合わせになってしまい自由度がない

DLCを購入させる為か服装が変わらない(過去ドラクエでもわかりやすい所では女性キャラがレオタード姿になったり着ぐるみ姿になったりした)、そのDLCも少ないうえに内容も微妙
マリベルには頭巾なしの見た目があるがその後頭部がキモすぎる、良く言って悪魔の実、悪く言えば脳みそだからキモすぎて頭巾被ってない見た目には出来ない

難易度が高くトラウマと称されるシナリオ等もあるが過去作プレイ者からしたら印象深いシナリオがなくなっている、難易度調整だけして出す事は出来たはず

総評としてはあの膨大な選択肢故のやり込み放題だったドラクエ7がドラクエ3程度にスケールダウン
やりやすくなったと言えば聞こえは良いですがシナリオ重視と言いつつ追加シナリオは良いが元々あったシナリオも削除、モンスターも7から出たモンスターが多数いた気がしますが殆どいなくなってます
納期の問題もあったのだろうとは思うけどプレイヤーには関係ないしそもそも作り手としてプレイヤーにそんな気を遣わせてる時点で2流だなと思います
FFも迷走し続けてる今のスクエニに出来るかは正直厳しいと思っていますが何も気にせず楽しかった！と言えるゲームを作って欲しいですね
過去作を最後までプレイ出来なかった飽き性の方や初めてプレイすると言った方、とくにやり込まずラスボス倒してクリアで終わり！と言ったライト層向け
あのクリアするだけでも100時間近くかかる大ボリュームかつ膨大なやり込みを最新のリメイクで！？って思ってる方には肩透かしだと思います
個人的にはこのボリュームで定価8000円かと、正直まだやり足りないので難易度茨の道で稼ぎなしの基本職のみ縛りで再度プレイ予定です

ゲーム全体としては出来がよく気になっているならプレイの価値はあると思います
その際は体験版からがオススメです
体験版のデータはそのまま本作で使用出来る他体験版プレイ特典として(使うかどうかは別として)おやすみワンピースと言うマリベルの見た目装備が手に入ります"
61,おすすめしない,43,30時間前後でクリア、原作プレイ済みです。率直にいうと、原作を現代番に寄せたようなゲームでした。原作プレイでのイライラポイントや迷うようなポイントを削除し、次に進むポイントがわかりやすくなった点は原作を知らないユーザ向けには良いのでしょう。しかし大量のサブインベントの削除、原作のメインコンテンツでもあったモンスターパーク・モンスター職・カジノ・移民の町・かっこよさコンテストなどを削除してしまった結果、すごい薄っぺらいゲームになってしまいました。サクサク進む分、ストーリーにも全く感情移入できず、魔王もフルオートで倒しました。この薄っぺらさは最近のソシャゲに慣れたユーザ向けなのかもしれませんが、原作のファンほど受け入れられないです。唯一良かったのは、3Dデザインのマリベルが可愛かった点だけです。原作が好きな人ほどこのゲームはおすすめできません。
62,おすすめ,52,"オリジナルのPS版はプレイ済みですが、ほぼ忘れた状態で再プレイ。
オリジナルの、悪く言えば冗長な部分が大きく整理されて、非常に遊びやすくなっています。

UIは従来のドラクエからかなり手が入っていて十字ショートカットなどもデフォで設定されており、
とにかく快適なゲームプレイにこだわっているようで好印象。

あとグラフィックが味があってとても良いです。
キャラの細かい表情やしぐさもわかりやすく、見ているだけで楽しい。

難易度としては本編中はかなり温い感じですが、クリア後まで行くと歯ごたえがあります。

欲を言えば、折角グラがいいので着せ替え要素を充実させてほしいのと、
あと職業がかなり早い段階で「完成」してしまうので、6のはぐれメタルのようなエキストラ職はあってもいい。"
63,おすすめ,55,"小学生の頃の思い出のゲームで、数年前に全職業カンストやその他やりこみ要素を全てやりきった作品です。
ストーリーは思ったよりも削られていなかったものの、余りにも進行がサクサクすぎました。
リメイクで初めてプレイした人は、自分がオリジナルをプレイした時のように一生心に残り、もう一度やりたいなと思うことはないだろうと感じて、寂しくなりました。

とはいえ、ドラクエの世界観に完全にマッチしたグラフィックや、ストレスが溜まる点がほぼ無かったりと、オリジナルの存在がなければ満点をあげても良いくらいの出来栄え。
オススメです。

ただ、RPGが好きならオリジナルをやった方が絶対に満足度が高いです。"
64,おすすめ,48,面白い
65,おすすめ,37,迷うことのなくなったドラクエ７。倍速等もあるのでサクサク進めて現代にあっている
66,おすすめ,82,優しくてはじめやすい！
67,おすすめしない,70,"人生初ドラクエ

ストーリーはクリア済みで、クリア後要素には触れていない。

率直な感想としてはドラクエってこんな感じなんだ⤵⤵という印象を受けた。個人的に全体的にかなり微妙だと思った。

いくつかそう感じた要素を書いてみる。

まず、ストーリーに関して

チュートリアルはまだ終わらないのかと思いつつやっていたらいつの間にかクリアしていた。簡単に表現するならこれ。

ドラゴンクエストのクエストってそういう意味なの？　ほかのレビューを見るとオリジナルからストーリーが削られているようだが、それは知らないのでおいておくにしても、ぶつ切り感がかなり強い。なんか旅も目的もよくわからないまま進んでいった。マップが地続きでなく、しかも現代と過去を行き来することに加え、一つ一つのストーリーが短いので一つの作品としてのまとまりが薄いと思った。めちゃくちゃ外伝作品感がした。世界観がよくわからなく、お使いの連続で冒険をしている感がなかった。

・キャラクターに関して
性格とかはまあ書くほどでもないかなと。それ以外で、3/5が被り物をしていて微妙。年齢不詳。あと、5人パーティってRPGをやっていて初めて見た。すごい中途半端な気がする。4人か6人でいいと思う。また、これは諸説あると思うが、個人的に主人公がしゃべらないのはやっぱり微妙。ゲームの中に存在してるのにセリフないっておかしいよなあ。魔王がいうデク人形そのものだろ。

ラーメン漫画の対決とかで、食べる手順を決められていることが審査員に不評で負けるみたいな場面がよくあるが、RPGの主人公はそれとは逆で、ゲームクリエイターがつくったセリフありの主人公というのをこっちは見たいんだよな。性格が合う合わないはその先の話で、その場面で何をどう感じるかは作中のキャラクターとプレイヤーでわかれるのは当然で、丸ごとこちらに委ねているという感じが自分には合わない。

・戦闘システムについて
この辺は好みもあると思うが、単純なターン制ってやっぱり古臭い。戦闘が単調で基本的にだるい。MPが切れたときとか回復手段に乏しく何とも言えない。で、これは想像だけどドラクエってFFとかより、ストーリーや戦闘システムは、もう少しシンプルで分かりやすいものを目指している印象がある。その中で職業があって、これは
無駄に種類が多い気がする。こういうのって低レベルクリアとか周回プレイで色々触る節があって、基本上位職とか最適解に近いものがあるんだよな。転職できるのは、そこそこ早めだと思うが、数があるし、上位職への条件もあるし、後々使うかなってことで全キャラに対して、終盤までずっとジョブを付け替えてランクを上げる作業をしていた。これのおかげで、いまいちキャラクターとジョブの組み合わせになじみがなかった。こういうのがあるので、ジョブは固定でいいんじゃないかと最近思うようになった。技もそのジョブでしか使えないとかあって、覚えづらいし、よくわからなくなる。


・BGMについて
すごい微妙。盛り上がりに欠ける。オープニングテーマとか、レベルアップ時の音楽とかはドラクエをやったことがなくても有名なので知っていたが、それはそれ。戦闘曲とか全然盛り上がらない気がした。種類が少ない。

・良かった点
ナルト走り

同じスクエニでも、ブレイブリーデフォルトやオクトパストラベラーはかなり面白く感じて、新作が出たら買おうと思うほどだが、ドラクエはこういうのならいいかなって感じです。"
68,おすすめ,78,"転職システムは「オクトパストラベラー」に近い感じで、職業経験値がレベル差に関係なく入るので楽。
あとどこでもミレッカちゃんとお話しして転職出来るからそこも楽。
面倒なのは、過去作をプレイしてると「職に就いていないとその職で覚える呪文と特技が使えない」仕様を忘れがち。まあいろいろ考えた結果の仕様なんだろうと思うけど…ね。
あと、ひよっこ～って職業があるから、その上級職もあるのか？と期待したが、ひよっこのままだった…。

そういえば、「どろにんぎょう」ではなくなってたね！当たり前か…。

残念なのは、見た目装備がDLCだけ？
バニースーツとか！天使のレオタードとか！プリンセスローブとか！踊り子の服とか！
３DS であった「転職したときの見た目変更」も無かったね…。
あと、３DS 版ではあった、アイラが「つるぎのまい」をつかったときの特殊エフェクトとかもなかったね…。

…開発費が底をついたか。"
69,おすすめ,103,"このゲームはとにかくストレスフリー(悪く言えば過保護)です
快適すぎてどんどん進めていきたくなり、気が付けば長時間プレイしています

ドラクエ7は人に薦めにくいドラクエでしたが、このリイマジンドは違う
ドラクエ7やったことない人、ドラクエを久しぶりにやりたい人、新規の人らにもおススメできる
ただし、改変が多く、オリジナルからのカットも多いので原作至上主義者にはお勧めしません"
70,おすすめ,40,!
71,おすすめ,46,テンポがいい
72,おすすめ,71,ちょうどいいバランスに、ちょうどいいボリューム
73,おすすめ,123,"124時間プレイして実績全回収したので以下感想です。
ネタバレはないです。たぶん。

総評：気になってるならやるべき！万人におすすめできる「令和のドラクエ」です。

ストーリー：ボリューム調整されたのは若干物足りなさはあるものの、補完ストーリーの追加が思ったより良く、より物語に深みが出たと思う。胸糞ストーリーとよく言われがちな本作だが、良い悪いも自分の選択で決まるのは物語により入り込めて良かった。キーファの株が元に戻ったうえで上がりました。

戦闘：昔の面影は少し感じつつもほぼ一新された令和のドラクエ。昔ながらの「たたかう」連打ではなく、じゅもんや特技を駆使することを推奨されているように感じる。後述する設定で敵の強さや与えるダメージも変えられる。ほどよく難しい戦闘を楽しみたいなら敵の強さ「つよい」の与えるダメージ「少ない」がおすすめ。
歯ごたえのある戦闘が楽しめると思う。職業の掛け持ちシステムも良い。気兼ねなく好きなキャラを活躍させることができた。

キャラデザ：最初は気になる。やってるうちに何も気にならなくなる。マリベルかわいい。

難易度設定：自由に細かく変えられるようにしたのは英断だと思う。さくっとストーリーを終わらせたい人からどっしりと攻略したい人まで幅広い人が好きなようにゲームを楽しむことができるのは本当に良い。

ラッキーパネル：これでしか手に入らないアイテムが多すぎる。実績完了するためにこいつと10時間は戦ってた。この10時間、ずっと真剣衰弱をしているので苦痛だった。でもいい脳トレだった。でも流石にドラクエさせてほしい。なぜドラゴンクエストをプレイしているのにモンスターと戦うのではなく井戸の中のじじいと真剣衰弱をしているのか？人によるかもしれないが、これならモンスターからのドロップを狙ってる方がマシだった。
これだけは次回作以降では何とかしてほしい。実績埋めは結局自己満足の範疇なので別に文句を言うのはお門違いかもしれないが、せめてドラクエをさせてくれませんか？お願いします。ほんとに。
でもラッキーパネル自体は楽しかったですよ。"
74,おすすめ,34,ストーリーを進めるのに石板集めが必要という詰みポイント満載システムでここまでストレスなくそれなりに楽しくプレイ出来るようにリメイクしたのは偉業だと思う
75,おすすめ,78,"ファミコン時代から全作品プレイしているので、この作品も非常に楽しみにしていました。

１・２・３のリメイクの２HDも楽しかったのですが、７Rの画像は今までと全然違いとても綺麗で可愛いし、楽しいです。

キャラクターもそうですが、モンスターが綺麗すぎる。

どうぞ、ベビーパンサーと遭遇してください。可愛すぎて倒すのに躊躇するぐらいです。

しいて気に入らない点を挙げるとするならば、キャラクターが鳥山明さんのデザインなのに、どことなく長谷川町子デザインに見えてくるぐらいなものです。

ストーリーも、やりこみも最高でした。"
76,おすすめ,37,"オリジナルのドラクエ7未プレイ、VII Reimaginedクリアした時点での感想
ドラクエシリーズは1-11のうち7.9以外全てクリアしています

PS版はクリア100時間以上かかると聞き当時スルーしていて
気にはなっているが時間がかかるので躊躇していた自分のようなユーザーにお勧めできます

戦闘テンポが良すぎたり難易度調整ができて誰でもクリアできるようになっている部分は
ユーザー側で調整できるとはいえ普通でプレイしていて全体的に難易度が低く
苦労したボスが全くいない事に物足りなさを感じているのが正直な感想です
ただ元の大ボリュームを簡素に楽しみたい自分には悪い印象はありません

オリジナル版のまま求める方はわかりませんが
新たに7をプレイしたいという方におすすめできるいつもの安定したドラクエで完成度は高いと思います
現代向けに再調整した良いリメイクであることは間違いありません

社会人になり長いプレイ時間を確保することができず
思い残していたドラクエ７をこの機会にプレイできたことに満足です"
77,おすすめ,62,"収集アイテムリストコンプリートが一番大変だった💦
(一部のアイテム獲得が運ゲーすぎる…)"
78,おすすめ,74,"ワンボタンで仲間と話せる時点でセンスがいい
ただしラッキーパネル テメーはダメだ"
79,おすすめ,41,"子供のころにやって、途中でやめてしまった作品だったので、
今回こうして遊び直せたのがまず嬉しかったです。

で、実際にやってみた感想としては、かなり良かった。

昔は最後まで続かなかったのに、今回はかなり快適に進められて、そのまま最後まで楽しめました。
この「ちゃんと最後まで遊べた」っていうのが、個人的にはかなり大きいです。

原作の雰囲気はちゃんと残ってるし、ドラクエ7らしい冒険してる感じもちゃんとある。
そのうえで、今の環境でも遊びやすいようにかなり触りやすくなっていて、すごくいいリメイクだと思いました。

【良かった点】
・とにかく遊びやすくなっていて、昔よりかなり快適に進められる
・原作の雰囲気や「冒険している感じ」がしっかり残っている
・テンポが良くなっていて、途中で止まらず最後まで遊びやすい
・懐かしさだけで終わらず、今遊んでもちゃんと面白い
・「昔はクリアできなかった作品を最後まで遊べた」という満足感が大きい

【イマイチだった点】
・昔やりこんだ人には少し物足りないかも
・思い出補正があると期待も上がるので、そこは人によって評価が分かれそう
・派手な変化というより「遊びやすく整えたリメイク」なので、完全新作級の変化を求める人には少し違うかも

昔やったけど途中で止まった人とか、
「気になってたけど最後まで遊べなかった」人にはかなりおすすめです。

懐かしさだけじゃなくて、
「昔は途中でやめた作品を、今の遊びやすさでちゃんと最後まで楽しめる」
この一点だけでも、このリメイクにはかなり価値があると思いました。"
80,おすすめしない,85,"過去にあったものが無くなり、余計なものが追加されたなあというのが完走した感想。
ストーリーやモンスター職の削除もそうだけど職業ごとの見た目の変化も削除、ダンジョンも削除、モンスターも削除。
追加されたのはお前誰やねんっていう女神像と、おっさんキーファのストーリー。

職業習熟がしやすくなる改良は良かったけど、職業は人間職だけでそこの追加も無し。だからすぐ育成終わるよ。ダンジョンも削除してあるからすぐゲーム終わるよ。追加やりこみ要素はDLCで薄いの買ってね。

女神像、お前誰だよ。神と魔王の戦いが実際に行われている世界でお前は何してたんだ？
なんで回復する力がある？なぜボスは目前のコレを放置してる？存在からよくわからない。辻褄合わせの説明も皆無。
今作は魔王サイドが優秀だったために島一つ残して人類敗北寸前って状況だったわけで、目の前の回復スポットなぞすぐ破壊するくらいが自然だと思うんだけど。場所によっては魔物の本拠地の中になぜか女神像が光を放っている。

キーファ、あなたはクソだ。
相変わらず、自分で始めた冒険を投げ出し、親友も幼馴染も慕ってくれている妹も厳しくも思いやってくれる父も捨て、女のケツを追っかける男。
結局その時々で自分のヤりたいことを我儘に好き勝手にやってるだけの奴だなあと思ってたら追加イベント。
ここでなんらかのフォローが入るのか？とも思ったが、内容はつまらないメタルギアソリッドをやらされた上に、今までの全てを放り投げてまで使命だと思っていたであろうユバールの護り手を投げ出して、今度は魔王倒す旅に寄生したいとぬかす。自分の子供すらも投げ出す。
これどういう気持ちで作ったのか製作者に聞いてみたいと思うくらいひどい。これを作る工数でもっと他にやることあったと思うのにな。

褒められるところは戦闘の高速化などのプレイしやすさだけ。
色々削除したり、謎の女神像置いたりしたのも今のプレイヤーはこのくらいじゃないとやらないって判断だとすると、今後のドラクエもこれくらい薄い内容になるんだろうなとシリーズに絶望してしまう。
ダンジョン削除、物語も削除した末のRPGに何が残るというのだろうか？

しっかりとしたRPGややりこみ育成をしたいならスマホ版買った方がいいよ。
一般的リメイクみたいに追加要素なんかを期待して買うなんてことはやめた方がいい。ほぼ存在しないから。
忙しい人の為のドラクエ７（RPG要素劣化）（快適性UP）だと思うので時間がないけどやりたい人向け。
ゲームなんて時間あるときにするものと思ってる僕なんかはちょっと価値見出すのが難しい。"
81,おすすめしない,85,"私にとってオリジナルのPS版が生まれて初めてのゲーム・ドラクエのプレイ体験で、かつドラクエシリーズの中で最も好きなので、楽しみに購入しプレイし始めました。グラフィックは大幅パワーアップし、音楽はオーケストラで、キャラには声が付き、難易度はかなり平易になり、今の時代により万人受けしやすい仕様になった点では、リメイクにふさわしいゲームと思います。

しかし、難易度を下げタイパ向上を重視する昨今の風潮に迎合するあまりなのか、ストーリーが大幅にカットされている点はたいへん残念に思います。もともと、ドラクエ7の原作は冗長で不評だった側面があったのは承知しています。けれども、例えば、他にも登場する（ボス）モンスターも大幅に減らされ、あるいは変更（過去作のモンスターの使い回し）されている点も踏まえると、リメイクを楽しみにしていた一人のプレイヤーとしては、「手抜き」と思えてしまいます。時代に沿って内容など変更、簡略にせねばならないのは重々承知していますが、この点は正直がっかりするものでした。

初見の人は、上記のようなクレームを気にせずこのゲームを楽しめると思います。しかし、リメイクを待っていた人間からすると、率直に言って失望するような作品に思えてしまいました。特にリメイク作品の場合、一度ゲームとして発売されると、それがさらにリメイクされ再び世の中に出されるチャンスはもう二度と無いかもしれません。この程度のものを発売するなら、あと4-5年は待つのでちゃんと満遍なくリメイクされたものを発売してほしかったと思います。"
82,おすすめ,83,"全実績解除しました。
評価 ★５（実績気にしない方） ★1（全実績解除をしたい方）

ドラクエ７未プレイだった為、ストーリーとても楽しめました。
難易度バッチリ冒険でプレイしましたが戦闘はかなり簡単に感じました。歯ごたえ欲しい方はいばらの道にしてみるといいです。

文句なくお勧めできる作品ですが注意点があります。それはアイテムコンプの実績解除を狙う場合

ラッキーパネルという神経衰弱して出たアイテムが貰えるミニゲームがあるのですが、これからしか手に入らないアイテムが多い上に一部のアイテム（[spoiler]メタスラの剣[/spoiler]等）の出る確率が非常に低く、運が悪いと10時間以上も実績の為にラッキーパネルをプレイする羽目になります。
目当てのアイテムが出るまでリセットを繰り返し、パネルをめくる作業を繰り返すため、難易度いばらの道を超えた「賽の河原」とでも言うべき苦行です。
アプデで排出率に調整が入るかも不明のため、実績コンプにこだわる方は覚悟が必要です。

もし、フレンドにこのゲームの全実績、またはアイテムコンプの実績を持っている方がいたら、苦行を乗り越えた勇者として、十分な賞賛と拍手とねぎらいの言葉を送ってあげて下さい。"
83,おすすめ,110,"[h1]最高峰のリメイク作品・・だが[/h1]

プレイ時間：109時間（トロコン）
既プレイ：ドラクエ9・10以外

[h3]良かったところ[/h3]
・ドールルックとドラクエ７の相性が最高
・キャラクターと声が本当に合ってる
・石板迷子にならない
・戦闘のテンポが良く楽しい
・副業システムによる職業の組み合わせ自由度の高さ
・あのキャラのフォロー

[h3]まとめ[/h3]
おそらく、リメイク作品は原作のプレイヤーも多いため評価は分かれるのが常だとは思います。
ドラクエ７初見の人、原作未クリアの人にとってはオススメできます。全体的に快適で遊びやすいです。

一方、私のように原作をやり込んだ人、トロコンを目指す人にはオススメできない部分も。
シナリオ削除（クレージュ・リートルード・プロビナ）やカジノ・移民の街・モンスターパークの削除は本当に残念。
モンスター職もやりこみ要素として好きでした。
新要素として闘技場が増えましたが、いかんせん面白くない。

そしてトロコン勢に立ちふさがるラッキーパネル。
神経衰弱なんて、リアルのトランプで遊んでも楽しくないものを何故わざわざドラクエでやらせる？
事情はあれど、楽しかったカジノを削除して、わざわざつまらないラッキーパネルを残すその神経に衰弱しますわ。

とまあ色々と吐露しましたが、トロコン目指すと難易度が「いばらの道」になるだけです。
少数派の意見です。何かトロコン率３％未満だし・・
普通に遊ぶ大多数の人達にとっては、シリーズ屈指の良リメイク作品ですよ。"
84,おすすめ,66,良リメイク
85,おすすめ,51,"合流しても、メルビンが後方馬車待機腕組みおじさんだった。
主人公は終始脳筋だった。歴代勇者の中で一番の脳筋なだけ有ると感じるほどに。
小さなメダルを簡単にあつめられるのは感動した。
ラッキーパネルでアイテム一覧埋めるのだけが、ただの作業でつまらなかった。
なんやかんや、のんびりやって楽しめた。

独り言）最近のドラクエにある難易度選択は、正直要らないかな"
86,おすすめ,76,"最高のゲーム
カジノだけは欲しかった"
87,おすすめ,43,"「何　だ？」



───── 突如、ドラクエⅦをプレイしたことのあるプレイヤーの脳内にあふれ出した



　　　　　　　　　　　　存在しない(アルマリの)記憶"
88,おすすめ,64,"ドラクエシリーズの中で本作が一番好きで、PSとソフトを買い直したことがあるくらいには愛しております。
DQ7PS版は普通にプレイをするだけでも100時間くらいかかる作品だったのですが、
本作はマップの簡略化と戦闘の高速化のお陰で40時間あればクリアできると思われます。

ストーリーの本筋はPS版と全く相違なく純粋にDQ7を楽しめ、かつPS版のようにデスマシーンやヘルクラウダー戦のような敵が強すぎて進行が止まってしまうこともなく(クラッシュすることもなく)ストレスフリーにクリアまで進めるため本作初プレイの方でもかなりお勧めできます。

しかしやはりストーリーカットの部分が多く気になってしまったところがあったため以下に記載させてもらいます。
[b]※ネタばれ有[/b]


・PS版では初めのスライムとの戦闘まで1時間かかり冒険感が非常に強くワクワクできていたのだが、本作では謎の神殿での探索がまるまるカットされており非常にあっさりしていた。いろんな意見があるだろうが自身としてはかなり残念だった
・ダイアラックでは宿屋にとまった後にアルス一人が起床していろんな人の過去を覗くシーンであったが本作は老人に話した後すぐに見回ったため、雰囲気が微妙で残念になっていた。
・オルフィーではグランエスタード島の動物と話せる木こりというNPCを連れてストーリーをすすめるシナリオだったが、この部分がまるまるカットされていた。砂漠の考古学者はなんとか本作にも残っていたが、現代の人間を過去に連れていける嬉しさのようなワクワク感がなくなっており、また夜中に一瞬だけ動物が人間になるシーンがあり都合よく呪いがなくなり雰囲気が台無しになってしまった。
・PS版にあったリートルード、プロビナ、クレージュはそれぞれ特殊な街の設定となっており、亡くなっていたのが非常に残念であった。特にプロビナはレブレサックとのストーリーの繋がりが色濃くありここは残しておいてよかったんじゃないかと思ってしまう。DQ7特有の後味が悪い街であるルーメンとレブレサックが採用されているのは非常に嬉しかったが、どの街も思い出深く非常に印象が強かったので、全部を味わえないのは悲しかった。


しかし個人的によくなっている部分も多数あり、PS版だとキーファはPTを離れた後はエンディングまでほぼ触れられなかったが本作はユバール加入後のキーファと話すことができ、共闘できる胸熱展開になったのはファンとして非常に嬉しい展開だった。
また、アイラ・メルビンの加入タイミングが早まっており、育成状況を考えると非常に有難く、こういうものも含め本作はゲームプレイが非常にやりやすくなったと思います。


色々想う部分は多いですが、やはりDQ7を楽しんでもらえる内容であるためほかの人にもお勧めしていきたい内容でありました。3DSを持っていなかったためずっと他の媒体でやりたい思いがあったためこういう形でプレイできて非常に嬉しかったです。製作陣本当にありがとうございました。

最後に、失われた３島(リートルード・クレージュ・プロビナ)の追加DLCもしくはアップデートを心待ちにしておりますのでよろしくお願いいたします。"
89,おすすめしない,50,エラーばかりで進まず、英語でのサポートしかないとの事でがっかりしました
90,おすすめ,53,"トロコン済。
この時代に新しいDQ7がプレイできるのが、7推しとしては嬉しい限りです。

自分はPS版(オリジナル)が大好きで、3DS版(リメイク)とやってきましたがリメイクレベルには楽しめました。
奴に対する評価は今回も賛否あるようですが、イメージの悪いキャラのままでいさせたくないというのが伝わってきたのもあり、追加されたテキストやイベントは自分は評価してます。

ですが、削除された部分が惜しいというか痛すぎるというのも感想としてあります。
消された地方もそうですが、モンスター職(心)やパーク、移民等は7の独自性でもあるので今作が初という人はオリジナル/リメイクもやってみてはいかがでしょうか。
説明不足な点とかは今作でフォローもされているので、7Rから入るとすんなり理解できる部分も多いのかなと思います。
[strike]オリジナル/リメイクの調整不足には目をつぶって [/strike]

以下、トロコン感想
[spoiler] ラッキーパネルの強制が辛かったです...もうちょっと限定武具減らしても良かったのでは [/spoiler]"
91,おすすめしない,56,最強の敵はラッキーパネルでした、僕は勝てませんでした
92,おすすめ,95,リメイク作品ってこともあり難易度の緩和や便利になったことに抵抗を持つ人もいるとは思いますが、ボイスの導入やキャラデザの更新、また新コンテンツの導入などとても面白く、ドラクエにあまり触れてこなかった人でも楽しくストーリー攻略できるゲームになっていると思います。ストーリーも原作と少し変わっていて熱い展開にもなっているので、ぜひ自分でプレーして感動してほしいなと思いました。一つだけ残念なこととしましてはカジノがないことくらいですかね
93,おすすめ,63,"Vもこんな感じで再構築＆要素追加してくれたら。
もはや元のストーリーをほぼ忘れているが・・・
丁寧に作ってある感じ。
ロトシリーズもこんな感じだったらなぁ

アンチョビサンド食べたいわ～
ライラはどうしたの？"
94,おすすめ,83,"[h1] 少年から大人へ、あの冒険をもう一度 [/h1]
　世界に一つだけの狭く小さな島、エスタード島。
　そこに住む少年たちは、好奇心に突き動かされ冒険に出る。

　冒険の先々で人を救い、様々な出会いと別れを繰り返し、
　世界が広がるにつれ少年たちは大人へと変わっていく。

　キーファたちと同じくあの頃は少年だったボクたちが、
　2026年の今、もう一度彼らと共に世界を広げる冒険へ旅立つ。

[h1] 面白い/評価できるポイント [/h1]
[b] ・正統進化を感じられる、次の時代のドラクエ [/b]
　当時のドラクエ7はハードがスーファミからPSへ移り、
　3Dになったグラフィックや圧倒的なボリュームなど、
　新しい時代のドラクエが始まったことを感じさせられた。

　今回のドラクエ7もシステム面やUI、ゲームバランスなど、
　[u][b]再び新しい時代のドラクエを感じる出来[/b][/u]だった。

　忙しい日々を生きる令和の時代に合わせてリサイズされた、
　[u]1シーンが30分～60分程度のシナリオは区切りよく進められ、[/u]
　[u]大人になったプレイヤーでも遊びやすく[/u]なっていた。

　UIも今までの階層ウィンドウ形式が現代風のものになり、
　ドラクエとしては異質、でもプレイヤーはとっつきやすい、
　今の時代のプレイヤーに合ったものへ変化している。

　そしてゲームバランスについては、
　[u]簡単すぎると言うお客様、難しすぎると言うお客様、[/u]
　[u]どちらにも合わせないといけない[/u]多様化の時代に合わせ、
　敵の強さや経験値の獲得量、戦闘のスピードなどを、
　[u]細かく調整できるように配慮されている。[/u]

　また、[u][b]今作のドールルックで表現されたグラフィックも、[/b][/u]
　高画質で毛穴まで描画されるゲームがあるこの現代で、
　[u][b]”ドラクエ”を表現する新たなスタイルとして納得[/b][/u]させられた。

　他にも、[u]全体を通してゲームとしての品質が高く、[/u]
　シナリオの大きな不整合や[u]戦闘バランスの陳腐化などがなく、[/u]
　[u]最後までしっかりしたクオリティで楽しめる[/u]のもグッド。

　本作は[u][b]ドラゴンクエストという長寿タイトルが、[/b][/u]
　[u][b]次の新たな時代へと舵を切ったことを感じさせてくれる[/b][/u]、
　まさに""リイマジンド(再構築)""されたドラクエだった。

[h1] 不満/残念だったポイント [/h1]
[b] ・ファンとして残念だったシナリオの追加や削除 [/b]
　上記でリサイズされたシナリオをいい点として挙げていて、
　仕事終わりでも気軽に進められるボリュームになった今作は、
　どう見積もってもこれで正解だったと思っている。

　思っているのだが、それでもこうあってほしかったという、
　いちファンとしてのワガママを言わせてほしい。

　(以下、ネタバレに配慮して該当箇所を伏せ字にしています。)

　というのも、[spoiler]レブレサック[/spoiler]まわりが個人的にはイマイチ。

　[spoiler]過去の世界で村を救った主人公一行が、
　現代では歴史が改竄され魔物の手先として語り継がれている。

　今作では、主人公一行が過去に戻り歴史が改竄されないよう、
　歴史の残し方について村長へ直接忠告することができる。

　これによって、現代では歴史の改竄がなかったことにされ、
　正しい歴史(主人公一行が村を救ったこと)が伝わっている村、
　ということになるのだが……。

　やっている事自体は正史(石碑を破壊した村長)と同じで、
　都合の悪い今を塗り替えるために過去の出来事に手を加える、
　というものなので、イマイチ納得がいかなかった。

　しかも、正史では偶然正しい歴史を知った子どもたちが、
　協力して正しい歴史を紡いでいこうと決意する話につながり、
　魔王復活後には旅人に怯える[strike]なさけない[/strike]大人たちに変わって、
　村のパトロールを行う子どもたちの姿が見れるなど、
　[u]元のほうが次の世代に希望を持てる味のある内容[/u]だと思う。[/spoiler]

　[spoiler]ついでに、レブレサックの神父様のその後である
　プロビナのシナリオが全部削除されている。

　レブレサックでプロビナとの繋がりに気づき、
　あの高潔なプロビナの神父様や女神像の出どころを知り、
　それに思いを馳せるというプレイヤーの体験がないのは、[/spoiler]
　今作のリイマジンドにおいての残念ポイント。

[h1] 総評やまとめ [/h1]
　文句なしの良リメイク、いやリイマジンド。

　直近で発売された同シリーズのHD-2Dで楽しめなかった人、
　あるいはそれのせいで様子見をしている人たち、
　今作は本当にオススメなので、ぜひプレイしてほしい。
[code][url=https://store.steampowered.com/curator/44793959/][b][u]遊んだゲームを紹介する。[/u][/b][/url] のキュレーターで紹介しました。
他にもいろんなゲームのレビューを書いているので、
ぜひキュレーターもフォローしていただけると嬉しいです。[/code]"
95,おすすめ,45,"加点と減点繰り返されて原作より２０点くらい高い満足度

グラフィックは2.5Dみたいな半端な感じにしていないのがかなり評価できる。
ここだけで満足度が５０点くらいある反面
要素の削除（カジノ、移民の町、モンスター職、一部石板）が40点くらいマイナスな印象
戦闘面（レベル上げや雑魚的散らし）で原作よりかなり楽になってストレス要素も少ない分、ストーリー進行の中だるみが減ってたし、削除した要素についてはむしろ残しても良かったんじゃなかろうかとは思う。

追加イベントのあれはあってもなくて元は思う。"
96,おすすめしない,59,"最近出た1、２，３のリメイクよりかはだいぶマシなリメイクな作品になっている。
グラもミニチュアなどの感じがあり、これはこれで良い。
難易度調整も人によって色々とできるので、じっくりやりたい人やレベル上げせずに進めたい人に対してそれぞれ設定できるので良い。

残念な点も色々とある。
過去作をやっていると、大幅にシナリオが削除されていたり、3DSで追加されたストーリーも削除していたりで、ストーリーに関してはとても残念な結果になっている。
NPCなどの会話もおかしいところが色々とある。例えば「救世主様」と呼んでいて呼びずらいから名前を教えてほしいと言われて、教えるといきなり呼び捨てされたりなど。

システムとしてはドラクエ10をベースに新たに刷新されたシステムを使用しているのでやりやすくなっているが、カメラワークがゴミレベル。何故あのような制限を入れるのか。

DLCも酷いな。

レベルによるスキルもないもシステムとしてよろしくないな。
ジョブを変えたら、そのジョブのを全て使用できないはね。
それなのに、キャラで装備できるものが決まっているとか。"
97,おすすめ,248,"元を100点とすると80点という感じでしょうか？

【加点要素】
・MOTHER2のSMASHのように戦闘省略システムを導入（省略しないことももできる）+40点
・無職を固有職として作り直した　+5点
・ボイス追加　+5点
・序盤の再構成で冒険開始までが長すぎる点を修正した部分は非常によくまとまっている　+5点
・大陸ごと・マップごと・フロアごとの残りアイテム数がわかるようになったためアイテム探しが非常に楽　+25点

【減点要素】
・頻繁に開くマップが全体像から始まるため現在地を見るために毎回拡大しなければいけない　-10点
・装備の変更UIで最も特徴的な影響だけが表示されるため（一応詳細画面を開けば全てみれはするが）、攻撃力や守備力がどう変わるのかという一番重要な部分が表示されないなど、UIが不便　-10点
・序盤を超えたあたりからストーリーの省略が増える（残酷な展開などを避けた？）　-10点
・上記に関連してカットされたりなかったことになった部分があるのだが、ストーリーとしてはなかったことになった部分が起きた前提の展開から変わっていなかったり、特定の王子に中途半端な修正（フォローのつもり？）を入れたため、起きなかった出来事の話や知らないはずの話を突然話始めるキャラがいたり、原因不明の心変わりをして再度原因不明の心変わりをするなどキャラの心情が理解不能、割りを食ったキャラがいたり全体を通してみると原作より救いようのないクズになっているというようなストーリーの破綻が頻発している　-70点

思い出補正もあり、買うだけの価値はあったと思うが、頻繁に使うUI関係のデザインはもうちょっと力を入れてほしいというのと、一番大事なストーリー回りを原作から大幅修正するという決断をした以上は、ちゃんと話が通じるように作っていただきたかったというのが正直な気持ちです。"
98,おすすめ,23,"オリジナルの思い出としては、
・初めの戦闘まで長過ぎる。
・マリベルのツンデレの壁を突き抜けるきつい言葉。
・子供には理解できない鬱ストーリー。
いろいろあります。

今作ではコンパクトにまとめている。
モンスター職がない。
その他もろもろありますが、

声を大きくして言いたい。
大人にはこれくらいの長さで十分なんだ。
平日にはほぼゲームしませんが、
連休を利用してこの時間でクリアできる、
それが素晴らしい。以上です。"
99,おすすめ,90,"とても面白かったです。今後のドラクエはこれくらいのグラを標準にしてほしいくらい。ただせっかくの綺麗なグラなのに見た目装備が少なすぎるのが不満でした。お約束のバニー姿すらないのは残念です。
戦闘も攻撃が効く効きにくいがわかりやすく楽しめました。ドラクエ初心者から古参の人まで万人におすすめできます。"
100,おすすめ,71,"全ボスいばらの道クリア　全実績獲得済
懐かしさと新しさがいい感じに合わさってて良いリメイクでした
一部を除いて大きな不満はありません
追加されたシナリオ部分も個人的にはよかったと思います
いろいろと難易度調整が自分でできるため時間がない人とかも遊びやすいと思います
懐かしさに浸りたい人、ＤＱ７やったことない人も是非

一部の不満点は以下に
[spoiler] アイテムコンプで必須のラッキーパネルはどうにかしてほしかった
取得アイテムが運なため戦闘もせず宿屋とパネルを行き来するだけでお目当てが出るまで１０時間もかかった
RPGなのに神経衰弱をひたすらやらされる運ゲーは流石に酷い
[/spoiler]"
